property_id,event_date,encumbrance_status,source
PROP-00001,2024-07-29,CLEAR,EC
PROP-00002,2024-08-02,CLEAR,EC
PROP-00003,2024-08-06,CLEAR,EC
PROP-00004,2024-08-10,CLEAR,EC
PROP-00005,2024-08-14,CLEAR,EC
PROP-00006,2024-08-18,CLEAR,EC
PROP-00007,2024-08-22,CLEAR,EC
PROP-00008,2024-08-26,CLEAR,EC
PROP-00009,2024-08-30,CLEAR,EC
PROP-00010,2024-09-03,CLEAR,EC
PROP-00011,2024-09-07,CLEAR,EC
PROP-00012,2024-09-11,CLEAR,EC
PROP-00013,2024-09-15,CLEAR,EC
PROP-00014,2024-09-19,CLEAR,EC
PROP-00015,2024-09-23,CLEAR,EC
PROP-00016,2024-09-27,CLEAR,EC
PROP-00017,2024-10-01,CLEAR,EC
PROP-00018,2024-10-05,CLEAR,EC
PROP-00019,2024-10-09,CLEAR,EC
PROP-00020,2024-10-13,CLEAR,EC
PROP-00021,2024-10-17,CLEAR,EC
PROP-00022,2024-10-21,CLEAR,EC
PROP-00023,2024-10-25,CLEAR,EC
PROP-00024,2024-10-29,CLEAR,EC
PROP-00025,2024-11-02,CLEAR,EC
PROP-00026,2024-11-06,CLEAR,EC
PROP-00027,2024-11-10,CLEAR,EC
PROP-00028,2024-11-14,CLEAR,EC
PROP-00029,2024-11-18,CLEAR,EC
PROP-00030,2024-11-22,CLEAR,EC
PROP-00031,2024-11-26,CLEAR,EC
PROP-00032,2024-11-30,CLEAR,EC
PROP-00033,2024-12-04,CLEAR,EC
PROP-00034,2024-12-08,CLEAR,EC
PROP-00035,2024-12-12,CLEAR,EC
PROP-00036,2024-12-16,CLEAR,EC
PROP-00037,2024-12-20,CLEAR,EC
PROP-00038,2024-12-24,CLEAR,EC
PROP-00039,2024-12-28,CLEAR,EC
PROP-00040,2025-01-01,CLEAR,EC
PROP-00041,2025-01-05,CLEAR,EC
PROP-00042,2025-01-09,CLEAR,EC
PROP-00043,2025-01-13,CLEAR,EC
PROP-00044,2025-01-17,CLEAR,EC
PROP-00045,2025-01-21,CLEAR,EC
PROP-00046,2025-01-25,CLEAR,EC
PROP-00047,2025-01-29,CLEAR,EC
PROP-00048,2025-02-02,CLEAR,EC
PROP-00049,2025-02-06,CLEAR,EC
PROP-00050,2025-02-10,CLEAR,EC
PROP-00051,2025-02-14,CLEAR,EC
PROP-00052,2025-02-18,CLEAR,EC
PROP-00053,2025-02-22,CLEAR,EC
PROP-00054,2025-02-26,CLEAR,EC
PROP-00055,2025-03-02,CLEAR,EC
PROP-00056,2025-03-06,CLEAR,EC
PROP-00057,2025-03-10,CLEAR,EC
PROP-00058,2025-03-14,CLEAR,EC
PROP-00059,2025-03-18,CLEAR,EC
PROP-00060,2025-03-22,CLEAR,EC
PROP-00061,2025-03-26,CLEAR,EC
PROP-00062,2025-03-30,CLEAR,EC
PROP-00063,2025-04-03,CLEAR,EC
PROP-00064,2025-04-07,CLEAR,EC
PROP-00065,2025-04-11,CLEAR,EC
PROP-00066,2025-04-15,CLEAR,EC
PROP-00067,2025-04-19,CLEAR,EC
PROP-00068,2025-04-23,CLEAR,EC
PROP-00069,2025-04-27,CLEAR,EC
PROP-00070,2025-05-01,CLEAR,EC
PROP-00071,2025-05-05,CLEAR,EC
PROP-00072,2025-05-09,CLEAR,EC
PROP-00073,2025-05-13,CLEAR,EC
PROP-00074,2025-05-17,CLEAR,EC
PROP-00075,2025-05-21,CLEAR,EC
PROP-00076,2025-05-25,CLEAR,EC
PROP-00077,2025-05-29,CLEAR,EC
PROP-00078,2025-06-02,CLEAR,EC
PROP-00079,2025-06-06,CLEAR,EC
PROP-00080,2025-06-10,CLEAR,EC
PROP-00081,2025-06-14,CLEAR,EC
PROP-00082,2025-06-18,CLEAR,EC
PROP-00083,2025-06-22,CLEAR,EC
PROP-00084,2025-06-26,CLEAR,EC
PROP-00085,2025-06-30,CLEAR,EC
PROP-00086,2025-07-04,CLEAR,EC
PROP-00087,2025-07-08,CLEAR,EC
PROP-00088,2025-07-12,CLEAR,EC
PROP-00089,2025-07-16,CLEAR,EC
PROP-00090,2025-07-20,CLEAR,EC
PROP-00091,2025-07-24,CLEAR,EC
PROP-00092,2025-07-28,CLEAR,EC
PROP-00093,2025-08-01,CLEAR,EC
PROP-00094,2025-08-05,CLEAR,EC
PROP-00095,2025-08-09,CLEAR,EC
PROP-00096,2025-08-13,CLEAR,EC
PROP-00097,2025-08-17,CLEAR,EC
PROP-00098,2025-08-21,CLEAR,EC
PROP-00099,2025-08-25,CLEAR,EC
PROP-00100,2025-08-29,CLEAR,EC
PROP-00101,2025-09-02,CLEAR,EC
PROP-00102,2025-09-06,CLEAR,EC
PROP-00103,2025-09-10,CLEAR,EC
PROP-00104,2025-09-14,CLEAR,EC
PROP-00105,2025-09-18,CLEAR,EC
PROP-00106,2025-09-22,CLEAR,EC
PROP-00107,2025-09-26,CLEAR,EC
PROP-00108,2025-09-30,CLEAR,EC
PROP-00109,2025-10-04,CLEAR,EC
PROP-00110,2025-10-08,CLEAR,EC
PROP-00111,2025-10-12,CLEAR,EC
PROP-00112,2025-10-16,CLEAR,EC
PROP-00113,2025-10-20,CLEAR,EC
PROP-00114,2025-10-24,CLEAR,EC
PROP-00115,2025-10-28,CLEAR,EC
PROP-00116,2025-11-01,CLEAR,EC
PROP-00117,2025-11-05,CLEAR,EC
PROP-00118,2025-11-09,CLEAR,EC
PROP-00119,2025-11-13,CLEAR,EC
PROP-00120,2025-11-17,CLEAR,EC
PROP-00121,2025-11-21,CLEAR,EC
PROP-00122,2025-11-25,CLEAR,EC
PROP-00123,2025-11-29,CLEAR,EC
PROP-00124,2025-12-03,CLEAR,EC
PROP-00125,2025-12-07,CLEAR,EC
PROP-00126,2025-12-11,CLEAR,EC
PROP-00127,2025-12-15,CLEAR,EC
PROP-00128,2025-12-19,CLEAR,EC
PROP-00129,2025-12-23,CLEAR,EC
PROP-00130,2025-12-27,CLEAR,EC
PROP-00131,2025-12-31,CLEAR,EC
PROP-00132,2026-01-04,CLEAR,EC
PROP-00133,2026-01-08,CLEAR,EC
PROP-00134,2026-01-12,CLEAR,EC
PROP-00135,2026-01-16,CLEAR,EC
PROP-00136,2026-01-20,CLEAR,EC
PROP-00137,2026-01-24,CLEAR,EC
PROP-00138,2026-01-28,CLEAR,EC
PROP-00139,2026-02-01,CLEAR,EC
PROP-00140,2026-02-05,CLEAR,EC
PROP-00141,2026-02-09,CLEAR,EC
PROP-00142,2026-02-13,CLEAR,EC
PROP-00143,2026-02-17,CLEAR,EC
PROP-00144,2026-02-21,CLEAR,EC
PROP-00145,2026-02-25,CLEAR,EC
PROP-00146,2026-03-01,CLEAR,EC
PROP-00147,2026-03-05,CLEAR,EC
PROP-00148,2026-03-09,CLEAR,EC
PROP-00149,2026-03-13,CLEAR,EC
PROP-00150,2026-03-17,CLEAR,EC
PROP-00151,2026-03-21,CLEAR,EC
PROP-00152,2026-03-25,CLEAR,EC
PROP-00153,2026-03-29,CLEAR,EC
PROP-00154,2026-04-02,CLEAR,EC
PROP-00155,2026-04-06,CLEAR,EC
PROP-00156,2026-04-10,CLEAR,EC
PROP-00157,2026-04-14,CLEAR,EC
PROP-00158,2026-04-18,CLEAR,EC
PROP-00159,2026-04-22,CLEAR,EC
PROP-00160,2026-04-26,CLEAR,EC
PROP-00161,2026-04-30,CLEAR,EC
PROP-00162,2026-05-04,CLEAR,EC
PROP-00163,2026-05-08,CLEAR,EC
PROP-00164,2026-05-12,CLEAR,EC
PROP-00165,2026-05-16,CLEAR,EC
PROP-00166,2026-05-20,CLEAR,EC
PROP-00167,2026-05-24,CLEAR,EC
PROP-00168,2026-05-28,CLEAR,EC
PROP-00169,2026-06-01,CLEAR,EC
PROP-00170,2026-06-05,CLEAR,EC
PROP-00171,2026-06-09,CLEAR,EC
PROP-00172,2026-06-13,CLEAR,EC
PROP-00173,2026-06-17,CLEAR,EC
PROP-00174,2026-06-21,CLEAR,EC
PROP-00175,2026-06-25,CLEAR,EC
PROP-00176,2026-06-29,CLEAR,EC
PROP-00177,2026-07-03,CLEAR,EC
PROP-00178,2026-07-07,CLEAR,EC
PROP-00179,2026-07-11,CLEAR,EC
PROP-00180,2026-07-15,CLEAR,EC
PROP-00181,2026-07-19,CLEAR,EC
PROP-00182,2026-07-23,CLEAR,EC
PROP-00183,2026-07-27,CLEAR,EC
PROP-00184,2026-07-31,CLEAR,EC
PROP-00185,2026-08-04,CLEAR,EC
PROP-00186,2026-08-08,CLEAR,EC
PROP-00187,2026-08-12,CLEAR,EC
PROP-00188,2026-08-16,CLEAR,EC
PROP-00189,2026-08-20,CLEAR,EC
PROP-00190,2026-08-24,CLEAR,EC
PROP-00191,2026-08-28,CLEAR,EC
PROP-00192,2026-09-01,CLEAR,EC
PROP-00193,2026-09-05,CLEAR,EC
PROP-00194,2026-09-09,CLEAR,EC
PROP-00195,2026-09-13,CLEAR,EC
PROP-00196,2026-09-17,CLEAR,EC
PROP-00197,2026-09-21,CLEAR,EC
PROP-00198,2026-09-25,CLEAR,EC
PROP-00199,2026-09-29,CLEAR,EC
PROP-00200,2026-10-03,CLEAR,EC
PROP-00201,2026-10-07,CLEAR,EC
PROP-00202,2026-10-11,CLEAR,EC
PROP-00203,2026-10-15,CLEAR,EC
PROP-00204,2026-10-19,CLEAR,EC
PROP-00205,2026-10-23,CLEAR,EC
PROP-00206,2026-10-27,CLEAR,EC
PROP-00207,2026-10-31,CLEAR,EC
PROP-00208,2026-11-04,CLEAR,EC
PROP-00209,2026-11-08,CLEAR,EC
PROP-00210,2026-11-12,CLEAR,EC
PROP-00211,2026-11-16,CLEAR,EC
PROP-00212,2026-11-20,CLEAR,EC
PROP-00213,2026-11-24,CLEAR,EC
PROP-00214,2026-11-28,CLEAR,EC
PROP-00215,2026-12-02,CLEAR,EC
PROP-00216,2026-12-06,CLEAR,EC
PROP-00217,2026-12-10,CLEAR,EC
PROP-00218,2026-12-14,CLEAR,EC
PROP-00219,2026-12-18,CLEAR,EC
PROP-00220,2026-12-22,CLEAR,EC
PROP-00221,2026-12-26,CLEAR,EC
PROP-00222,2026-12-30,CLEAR,EC
PROP-00223,2027-01-03,CLEAR,EC
PROP-00224,2027-01-07,CLEAR,EC
PROP-00225,2027-01-11,CLEAR,EC
PROP-00226,2027-01-15,CLEAR,EC
PROP-00227,2027-01-19,CLEAR,EC
PROP-00228,2027-01-23,CLEAR,EC
PROP-00229,2027-01-27,CLEAR,EC
PROP-00230,2027-01-31,CLEAR,EC
PROP-00231,2027-02-04,CLEAR,EC
PROP-00232,2027-02-08,CLEAR,EC
PROP-00233,2027-02-12,CLEAR,EC
PROP-00234,2027-02-16,CLEAR,EC
PROP-00235,2027-02-20,CLEAR,EC
PROP-00236,2027-02-24,CLEAR,EC
PROP-00237,2027-02-28,CLEAR,EC
PROP-00238,2027-03-04,CLEAR,EC
PROP-00239,2027-03-08,CLEAR,EC
PROP-00240,2027-03-12,CLEAR,EC
PROP-00241,2027-03-16,CLEAR,EC
PROP-00242,2027-03-20,CLEAR,EC
PROP-00243,2027-03-24,CLEAR,EC
PROP-00244,2027-03-28,CLEAR,EC
PROP-00245,2027-04-01,CLEAR,EC
PROP-00246,2027-04-05,CLEAR,EC
PROP-00247,2027-04-09,CLEAR,EC
PROP-00248,2027-04-13,CLEAR,EC
PROP-00249,2027-04-17,CLEAR,EC
PROP-00250,2027-04-21,CLEAR,EC
PROP-00251,2027-04-25,CLEAR,EC
PROP-00252,2027-04-29,CLEAR,EC
PROP-00253,2027-05-03,CLEAR,EC
PROP-00254,2027-05-07,CLEAR,EC
PROP-00255,2027-05-11,CLEAR,EC
PROP-00256,2027-05-15,CLEAR,EC
PROP-00257,2027-05-19,CLEAR,EC
PROP-00258,2027-05-23,CLEAR,EC
PROP-00259,2027-05-27,CLEAR,EC
PROP-00260,2027-05-31,CLEAR,EC
PROP-00261,2027-06-04,CLEAR,EC
PROP-00262,2027-06-08,CLEAR,EC
PROP-00263,2027-06-12,CLEAR,EC
PROP-00264,2027-06-16,CLEAR,EC
PROP-00265,2027-06-20,CLEAR,EC
PROP-00266,2027-06-24,CLEAR,EC
PROP-00267,2027-06-28,CLEAR,EC
PROP-00268,2027-07-02,CLEAR,EC
PROP-00269,2027-07-06,CLEAR,EC
PROP-00270,2027-07-10,CLEAR,EC
PROP-00271,2027-07-14,CLEAR,EC
PROP-00272,2027-07-18,CLEAR,EC
PROP-00273,2027-07-22,CLEAR,EC
PROP-00274,2027-07-26,CLEAR,EC
PROP-00275,2027-07-30,CLEAR,EC
PROP-00276,2027-08-03,CLEAR,EC
PROP-00277,2027-08-07,CLEAR,EC
PROP-00278,2027-08-11,CLEAR,EC
PROP-00279,2027-08-15,CLEAR,EC
