event_id,property_id,event_type,event_date,source,owner,extent_acres,survey_number,hissa,registration_number,seller,buyer,registered_extent_acres,mutation_number,previous_owner,new_owner,previous_extent_acres,new_extent_acres,mortgage_number,lender
EVT-000001,PROP-00001,RTC_BASELINE,2024-01-01,RTC,Owner_A,1.5,40/1,1,,,,,,,,,,,
EVT-000002,PROP-00001,SALE_REGISTERED,2024-07-29,Registration,,,,,REG-01-01-001,Owner_A,Owner_C,1.5,,,,,,,
EVT-000003,PROP-00001,MUTATION_UPDATED,2024-07-31,Mutation,,,,,,,,,MR-01-01-001,Owner_A,Owner_D,,,,
EVT-000004,PROP-00002,RTC_BASELINE,2024-01-05,RTC,Owner_B,2.0,41/2,2,,,,,,,,,,,
EVT-000005,PROP-00002,SALE_REGISTERED,2024-08-02,Registration,,,,,REG-01-01-002,Owner_B,Owner_C,3.0,,,,,,,
EVT-000006,PROP-00002,MUTATION_UPDATED,2024-08-04,Mutation,,,,,,,,,MR-01-01-002,Owner_B,Owner_C,,,,
EVT-000007,PROP-00002,EXTENT_CHANGED,2024-08-04,Mutation,,,,,,,,,,,,2.0,3.0,,
EVT-000008,PROP-00003,RTC_BASELINE,2024-01-09,RTC,Owner_C,2.5,42/3,3,,,,,,,,,,,
EVT-000009,PROP-00003,SALE_REGISTERED,2024-08-06,Registration,,,,,REG-01-01-003,Owner_C,Owner_D,2.5,,,,,,,
EVT-000010,PROP-00003,MUTATION_UPDATED,2024-08-08,Mutation,,,,,,,,,MR-01-01-003,Owner_C,Owner_D,,,,
EVT-000011,PROP-00004,RTC_BASELINE,2024-01-13,RTC,Owner_B,2.0,43/1,1,,,,,,,,,,,
EVT-000012,PROP-00004,SALE_REGISTERED,2024-08-10,Registration,,,,,REG-01-02-001,Owner_B,Owner_C,3.0,,,,,,,
EVT-000013,PROP-00004,MUTATION_UPDATED,2024-08-12,Mutation,,,,,,,,,MR-01-02-001,Owner_B,Owner_C,,,,
EVT-000014,PROP-00004,EXTENT_CHANGED,2024-08-12,Mutation,,,,,,,,,,,,2.0,3.0,,
EVT-000015,PROP-00005,RTC_BASELINE,2024-01-17,RTC,Owner_C,2.5,44/2,2,,,,,,,,,,,
EVT-000016,PROP-00005,SALE_REGISTERED,2024-08-14,Registration,,,,,REG-01-02-002,Owner_C,Owner_D,2.5,,,,,,,
EVT-000017,PROP-00005,MUTATION_UPDATED,2024-08-16,Mutation,,,,,,,,,MR-01-02-002,Owner_C,Owner_D,,,,
EVT-000018,PROP-00006,RTC_BASELINE,2024-01-21,RTC,Owner_D,3.0,45/3,3,,,,,,,,,,,
EVT-000019,PROP-00006,SALE_REGISTERED,2024-08-18,Registration,,,,,REG-01-02-003,Owner_D,Owner_E,3.0,,,,,,,
EVT-000020,PROP-00006,MUTATION_UPDATED,2024-08-20,Mutation,,,,,,,,,MR-01-02-003,Owner_D,Owner_E,,,,
EVT-000021,PROP-00007,RTC_BASELINE,2024-01-25,RTC,Owner_C,2.5,46/1,1,,,,,,,,,,,
EVT-000022,PROP-00007,SALE_REGISTERED,2024-08-22,Registration,,,,,REG-01-03-001,Owner_C,Owner_D,2.5,,,,,,,
EVT-000023,PROP-00007,MUTATION_UPDATED,2024-08-24,Mutation,,,,,,,,,MR-01-03-001,Owner_C,Owner_D,,,,
EVT-000024,PROP-00008,RTC_BASELINE,2024-01-29,RTC,Owner_D,3.0,47/2,2,,,,,,,,,,,
EVT-000025,PROP-00008,SALE_REGISTERED,2024-08-26,Registration,,,,,REG-01-03-002,Owner_D,Owner_E,3.0,,,,,,,
EVT-000026,PROP-00008,MUTATION_UPDATED,2024-08-28,Mutation,,,,,,,,,MR-01-03-002,Owner_D,Owner_E,,,,
EVT-000027,PROP-00009,RTC_BASELINE,2024-02-02,RTC,Owner_E,3.5,48/3,3,,,,,,,,,,,
EVT-000028,PROP-00009,MORTGAGE_REGISTERED,2024-03-03,Mortgage,,,,,,,,,,,,,,MTG-00010,Lender_A
EVT-000029,PROP-00009,MORTGAGE_RELEASED,2024-08-30,Mortgage,,,,,,,,,,,,,,MTG-00010,
EVT-000030,PROP-00009,SALE_REGISTERED,2024-08-30,Registration,,,,,REG-01-03-003,Owner_E,Owner_F,3.5,,,,,,,
EVT-000031,PROP-00009,MUTATION_UPDATED,2024-09-01,Mutation,,,,,,,,,MR-01-03-003,Owner_E,Owner_F,,,,
EVT-000032,PROP-00010,RTC_BASELINE,2024-02-06,RTC,Owner_B,2.5,47/1,1,,,,,,,,,,,
EVT-000033,PROP-00010,SALE_REGISTERED,2024-09-03,Registration,,,,,REG-02-01-001,Owner_B,Owner_C,2.5,,,,,,,
EVT-000034,PROP-00010,MUTATION_UPDATED,2024-09-05,Mutation,,,,,,,,,MR-02-01-001,Owner_B,Owner_C,,,,
EVT-000035,PROP-00011,RTC_BASELINE,2024-02-10,RTC,Owner_C,3.0,48/2,2,,,,,,,,,,,
EVT-000036,PROP-00011,MORTGAGE_REGISTERED,2024-03-11,Mortgage,,,,,,,,,,,,,,MTG-00012,Lender_A
EVT-000037,PROP-00011,MORTGAGE_RELEASED,2024-09-07,Mortgage,,,,,,,,,,,,,,MTG-00012,
EVT-000038,PROP-00011,SALE_REGISTERED,2024-09-07,Registration,,,,,REG-02-01-002,Owner_C,Owner_D,3.0,,,,,,,
EVT-000039,PROP-00011,MUTATION_UPDATED,2024-09-09,Mutation,,,,,,,,,MR-02-01-002,Owner_C,Owner_D,,,,
EVT-000040,PROP-00012,RTC_BASELINE,2024-02-14,RTC,Owner_D,3.5,49/3,3,,,,,,,,,,,
EVT-000041,PROP-00012,MORTGAGE_REGISTERED,2024-03-15,Mortgage,,,,,,,,,,,,,,MTG-00013,Lender_A
EVT-000042,PROP-00012,MORTGAGE_RELEASED,2024-09-11,Mortgage,,,,,,,,,,,,,,MTG-00013,
EVT-000043,PROP-00012,SALE_REGISTERED,2024-09-11,Registration,,,,,REG-02-01-003,Owner_D,Owner_E,3.5,,,,,,,
EVT-000044,PROP-00012,MUTATION_UPDATED,2024-09-13,Mutation,,,,,,,,,MR-02-01-003,Owner_D,Owner_E,,,,
EVT-000045,PROP-00013,RTC_BASELINE,2024-02-18,RTC,Owner_C,3.0,50/1,1,,,,,,,,,,,
EVT-000046,PROP-00013,MORTGAGE_REGISTERED,2024-03-19,Mortgage,,,,,,,,,,,,,,MTG-00014,Lender_A
EVT-000047,PROP-00013,MORTGAGE_RELEASED,2024-09-15,Mortgage,,,,,,,,,,,,,,MTG-00014,
EVT-000048,PROP-00013,SALE_REGISTERED,2024-09-15,Registration,,,,,REG-02-02-001,Owner_C,Owner_D,3.0,,,,,,,
EVT-000049,PROP-00013,MUTATION_UPDATED,2024-09-17,Mutation,,,,,,,,,MR-02-02-001,Owner_C,Owner_D,,,,
EVT-000050,PROP-00014,RTC_BASELINE,2024-02-22,RTC,Owner_D,3.5,51/2,2,,,,,,,,,,,
EVT-000051,PROP-00014,MORTGAGE_REGISTERED,2024-03-23,Mortgage,,,,,,,,,,,,,,MTG-00015,Lender_A
EVT-000052,PROP-00014,MORTGAGE_RELEASED,2024-09-19,Mortgage,,,,,,,,,,,,,,MTG-00015,
EVT-000053,PROP-00014,SALE_REGISTERED,2024-09-19,Registration,,,,,REG-02-02-002,Owner_D,Owner_E,3.5,,,,,,,
EVT-000054,PROP-00014,MUTATION_UPDATED,2024-09-21,Mutation,,,,,,,,,MR-02-02-002,Owner_D,Owner_E,,,,
EVT-000055,PROP-00015,RTC_BASELINE,2024-02-26,RTC,Owner_E,4.0,52/3,3,,,,,,,,,,,
EVT-000056,PROP-00015,MORTGAGE_REGISTERED,2024-03-27,Mortgage,,,,,,,,,,,,,,MTG-00016,Lender_A
EVT-000057,PROP-00015,MORTGAGE_RELEASED,2024-09-23,Mortgage,,,,,,,,,,,,,,MTG-00016,
EVT-000058,PROP-00015,SALE_REGISTERED,2024-09-23,Registration,,,,,REG-02-02-003,Owner_E,Owner_F,4.0,,,,,,,
EVT-000059,PROP-00015,MUTATION_UPDATED,2024-09-25,Mutation,,,,,,,,,MR-02-02-003,Owner_E,Owner_F,,,,
EVT-000060,PROP-00016,RTC_BASELINE,2024-03-01,RTC,Owner_D,3.5,53/1,1,,,,,,,,,,,
EVT-000061,PROP-00016,MORTGAGE_REGISTERED,2024-03-31,Mortgage,,,,,,,,,,,,,,MTG-00017,Lender_A
EVT-000062,PROP-00016,MORTGAGE_RELEASED,2024-09-27,Mortgage,,,,,,,,,,,,,,MTG-00017,
EVT-000063,PROP-00016,SALE_REGISTERED,2024-09-27,Registration,,,,,REG-02-03-001,Owner_D,Owner_E,3.5,,,,,,,
EVT-000064,PROP-00016,MUTATION_UPDATED,2024-09-29,Mutation,,,,,,,,,MR-02-03-001,Owner_D,Owner_E,,,,
EVT-000065,PROP-00017,RTC_BASELINE,2024-03-05,RTC,Owner_E,4.0,54/2,2,,,,,,,,,,,
EVT-000066,PROP-00017,MORTGAGE_REGISTERED,2024-04-04,Mortgage,,,,,,,,,,,,,,MTG-00018,Lender_A
EVT-000067,PROP-00017,MORTGAGE_RELEASED,2024-10-01,Mortgage,,,,,,,,,,,,,,MTG-00018,
EVT-000068,PROP-00017,SALE_REGISTERED,2024-10-01,Registration,,,,,REG-02-03-002,Owner_E,Owner_F,4.0,,,,,,,
EVT-000069,PROP-00017,MUTATION_UPDATED,2024-10-03,Mutation,,,,,,,,,MR-02-03-002,Owner_E,Owner_F,,,,
EVT-000070,PROP-00018,RTC_BASELINE,2024-03-09,RTC,Owner_F,4.5,55/3,3,,,,,,,,,,,
EVT-000071,PROP-00018,SALE_REGISTERED,2024-10-05,Registration,,,,,REG-02-03-003,Owner_F,Owner_G,4.5,,,,,,,
EVT-000072,PROP-00018,MUTATION_UPDATED,2024-10-07,Mutation,,,,,,,,,MR-02-03-003,Owner_F,Owner_G,,,,
EVT-000073,PROP-00019,RTC_BASELINE,2024-03-13,RTC,Owner_C,3.5,54/1,1,,,,,,,,,,,
EVT-000074,PROP-00019,MORTGAGE_REGISTERED,2024-04-12,Mortgage,,,,,,,,,,,,,,MTG-00020,Lender_A
EVT-000075,PROP-00019,MORTGAGE_RELEASED,2024-10-09,Mortgage,,,,,,,,,,,,,,MTG-00020,
EVT-000076,PROP-00019,SALE_REGISTERED,2024-10-09,Registration,,,,,REG-03-01-001,Owner_C,Owner_D,3.5,,,,,,,
EVT-000077,PROP-00019,MUTATION_UPDATED,2024-10-11,Mutation,,,,,,,,,MR-03-01-001,Owner_C,Owner_D,,,,
EVT-000078,PROP-00020,RTC_BASELINE,2024-03-17,RTC,Owner_D,4.0,55/2,2,,,,,,,,,,,
EVT-000079,PROP-00020,SALE_REGISTERED,2024-10-13,Registration,,,,,REG-03-01-002,Owner_D,Owner_E,4.0,,,,,,,
EVT-000080,PROP-00020,MUTATION_UPDATED,2024-10-15,Mutation,,,,,,,,,MR-03-01-002,Owner_D,Owner_E,,,,
EVT-000081,PROP-00021,RTC_BASELINE,2024-03-21,RTC,Owner_E,4.5,56/3,3,,,,,,,,,,,
EVT-000082,PROP-00021,SALE_REGISTERED,2024-10-17,Registration,,,,,REG-03-01-003,Owner_E,Owner_F,4.5,,,,,,,
EVT-000083,PROP-00021,MUTATION_UPDATED,2024-10-19,Mutation,,,,,,,,,MR-03-01-003,Owner_E,Owner_F,,,,
EVT-000084,PROP-00022,RTC_BASELINE,2024-03-25,RTC,Owner_D,4.0,57/1,1,,,,,,,,,,,
EVT-000085,PROP-00022,SALE_REGISTERED,2024-10-21,Registration,,,,,REG-03-02-001,Owner_D,Owner_E,4.0,,,,,,,
EVT-000086,PROP-00022,MUTATION_UPDATED,2024-10-23,Mutation,,,,,,,,,MR-03-02-001,Owner_D,Owner_E,,,,
EVT-000087,PROP-00023,RTC_BASELINE,2024-03-29,RTC,Owner_E,4.5,58/2,2,,,,,,,,,,,
EVT-000088,PROP-00023,SALE_REGISTERED,2024-10-25,Registration,,,,,REG-03-02-002,Owner_E,Owner_F,4.5,,,,,,,
EVT-000089,PROP-00023,MUTATION_UPDATED,2024-10-27,Mutation,,,,,,,,,MR-03-02-002,Owner_E,Owner_F,,,,
EVT-000090,PROP-00024,RTC_BASELINE,2024-04-02,RTC,Owner_F,5.0,59/3,3,,,,,,,,,,,
EVT-000091,PROP-00024,SALE_REGISTERED,2024-10-29,Registration,,,,,REG-03-02-003,Owner_F,Owner_G,5.0,,,,,,,
EVT-000092,PROP-00024,MUTATION_UPDATED,2024-10-31,Mutation,,,,,,,,,MR-03-02-003,Owner_F,Owner_G,,,,
EVT-000093,PROP-00025,RTC_BASELINE,2024-04-06,RTC,Owner_E,4.5,60/1,1,,,,,,,,,,,
EVT-000094,PROP-00025,SALE_REGISTERED,2024-11-02,Registration,,,,,REG-03-03-001,Owner_E,Owner_F,4.5,,,,,,,
EVT-000095,PROP-00025,MUTATION_UPDATED,2024-11-04,Mutation,,,,,,,,,MR-03-03-001,Owner_E,Owner_F,,,,
EVT-000096,PROP-00026,RTC_BASELINE,2024-04-10,RTC,Owner_F,5.0,61/2,2,,,,,,,,,,,
EVT-000097,PROP-00026,SALE_REGISTERED,2024-11-06,Registration,,,,,REG-03-03-002,Owner_F,Owner_G,5.0,,,,,,,
EVT-000098,PROP-00026,MUTATION_UPDATED,2024-11-08,Mutation,,,,,,,,,MR-03-03-002,Owner_F,Owner_G,,,,
EVT-000099,PROP-00027,RTC_BASELINE,2024-04-14,RTC,Owner_G,5.5,62/3,3,,,,,,,,,,,
EVT-000100,PROP-00027,SALE_REGISTERED,2024-11-10,Registration,,,,,REG-03-03-003,Owner_G,Owner_C,5.5,,,,,,,
EVT-000101,PROP-00027,MUTATION_UPDATED,2024-11-12,Mutation,,,,,,,,,MR-03-03-003,Owner_G,Owner_D,,,,
EVT-000102,PROP-00028,RTC_BASELINE,2024-04-18,RTC,Owner_D,4.5,61/1,1,,,,,,,,,,,
EVT-000103,PROP-00028,SALE_REGISTERED,2024-11-14,Registration,,,,,REG-04-01-001,Owner_D,Owner_E,4.5,,,,,,,
EVT-000104,PROP-00028,MUTATION_UPDATED,2024-11-16,Mutation,,,,,,,,,MR-04-01-001,Owner_D,Owner_E,,,,
EVT-000105,PROP-00029,RTC_BASELINE,2024-04-22,RTC,Owner_E,5.0,62/2,2,,,,,,,,,,,
EVT-000106,PROP-00029,SALE_REGISTERED,2024-11-18,Registration,,,,,REG-04-01-002,Owner_E,Owner_C,5.0,,,,,,,
EVT-000107,PROP-00029,MUTATION_UPDATED,2024-11-20,Mutation,,,,,,,,,MR-04-01-002,Owner_E,Owner_D,,,,
EVT-000108,PROP-00030,RTC_BASELINE,2024-04-26,RTC,Owner_F,5.5,63/3,3,,,,,,,,,,,
EVT-000109,PROP-00030,SALE_REGISTERED,2024-11-22,Registration,,,,,REG-04-01-003,Owner_F,Owner_G,6.5,,,,,,,
EVT-000110,PROP-00030,MUTATION_UPDATED,2024-11-24,Mutation,,,,,,,,,MR-04-01-003,Owner_F,Owner_G,,,,
EVT-000111,PROP-00030,EXTENT_CHANGED,2024-11-24,Mutation,,,,,,,,,,,,5.5,6.5,,
EVT-000112,PROP-00031,RTC_BASELINE,2024-04-30,RTC,Owner_E,5.0,64/1,1,,,,,,,,,,,
EVT-000113,PROP-00031,SALE_REGISTERED,2024-11-26,Registration,,,,,REG-04-02-001,Owner_E,Owner_C,5.0,,,,,,,
EVT-000114,PROP-00031,MUTATION_UPDATED,2024-11-28,Mutation,,,,,,,,,MR-04-02-001,Owner_E,Owner_D,,,,
EVT-000115,PROP-00032,RTC_BASELINE,2024-05-04,RTC,Owner_F,5.5,65/2,2,,,,,,,,,,,
EVT-000116,PROP-00032,SALE_REGISTERED,2024-11-30,Registration,,,,,REG-04-02-002,Owner_F,Owner_G,6.5,,,,,,,
EVT-000117,PROP-00032,MUTATION_UPDATED,2024-12-02,Mutation,,,,,,,,,MR-04-02-002,Owner_F,Owner_G,,,,
EVT-000118,PROP-00032,EXTENT_CHANGED,2024-12-02,Mutation,,,,,,,,,,,,5.5,6.5,,
EVT-000119,PROP-00033,RTC_BASELINE,2024-05-08,RTC,Owner_G,6.0,66/3,3,,,,,,,,,,,
EVT-000120,PROP-00033,SALE_REGISTERED,2024-12-04,Registration,,,,,REG-04-02-003,Owner_G,Owner_H,6.0,,,,,,,
EVT-000121,PROP-00033,MUTATION_UPDATED,2024-12-06,Mutation,,,,,,,,,MR-04-02-003,Owner_G,Owner_H,,,,
EVT-000122,PROP-00034,RTC_BASELINE,2024-05-12,RTC,Owner_F,5.5,67/1,1,,,,,,,,,,,
EVT-000123,PROP-00034,SALE_REGISTERED,2024-12-08,Registration,,,,,REG-04-03-001,Owner_F,Owner_G,6.5,,,,,,,
EVT-000124,PROP-00034,MUTATION_UPDATED,2024-12-10,Mutation,,,,,,,,,MR-04-03-001,Owner_F,Owner_G,,,,
EVT-000125,PROP-00034,EXTENT_CHANGED,2024-12-10,Mutation,,,,,,,,,,,,5.5,6.5,,
EVT-000126,PROP-00035,RTC_BASELINE,2024-05-16,RTC,Owner_G,6.0,68/2,2,,,,,,,,,,,
EVT-000127,PROP-00035,SALE_REGISTERED,2024-12-12,Registration,,,,,REG-04-03-002,Owner_G,Owner_H,6.0,,,,,,,
EVT-000128,PROP-00035,MUTATION_UPDATED,2024-12-14,Mutation,,,,,,,,,MR-04-03-002,Owner_G,Owner_H,,,,
EVT-000129,PROP-00036,RTC_BASELINE,2024-05-20,RTC,Owner_H,1.5,69/3,3,,,,,,,,,,,
EVT-000130,PROP-00036,SALE_REGISTERED,2024-12-16,Registration,,,,,REG-04-03-003,Owner_H,Owner_A,1.5,,,,,,,
EVT-000131,PROP-00036,MUTATION_UPDATED,2024-12-18,Mutation,,,,,,,,,MR-04-03-003,Owner_H,Owner_A,,,,
EVT-000132,PROP-00037,RTC_BASELINE,2024-05-24,RTC,Owner_E,5.5,68/1,1,,,,,,,,,,,
EVT-000133,PROP-00037,SALE_REGISTERED,2024-12-20,Registration,,,,,REG-05-01-001,Owner_E,Owner_F,5.5,,,,,,,
EVT-000134,PROP-00037,MUTATION_UPDATED,2024-12-22,Mutation,,,,,,,,,MR-05-01-001,Owner_E,Owner_F,,,,
EVT-000135,PROP-00038,RTC_BASELINE,2024-05-28,RTC,Owner_F,6.0,69/2,2,,,,,,,,,,,
EVT-000136,PROP-00038,SALE_REGISTERED,2024-12-24,Registration,,,,,REG-05-01-002,Owner_F,Owner_G,6.0,,,,,,,
EVT-000137,PROP-00038,MUTATION_UPDATED,2024-12-26,Mutation,,,,,,,,,MR-05-01-002,Owner_F,Owner_G,,,,
EVT-000138,PROP-00039,RTC_BASELINE,2024-06-01,RTC,Owner_G,1.5,70/3,3,,,,,,,,,,,
EVT-000139,PROP-00039,MORTGAGE_REGISTERED,2024-07-01,Mortgage,,,,,,,,,,,,,,MTG-00040,Lender_A
EVT-000140,PROP-00039,MORTGAGE_RELEASED,2024-12-28,Mortgage,,,,,,,,,,,,,,MTG-00040,
EVT-000141,PROP-00039,SALE_REGISTERED,2024-12-28,Registration,,,,,REG-05-01-003,Owner_G,Owner_H,1.5,,,,,,,
EVT-000142,PROP-00039,MUTATION_UPDATED,2024-12-30,Mutation,,,,,,,,,MR-05-01-003,Owner_G,Owner_H,,,,
EVT-000143,PROP-00040,RTC_BASELINE,2024-06-05,RTC,Owner_F,6.0,71/1,1,,,,,,,,,,,
EVT-000144,PROP-00040,SALE_REGISTERED,2025-01-01,Registration,,,,,REG-05-02-001,Owner_F,Owner_G,6.0,,,,,,,
EVT-000145,PROP-00040,MUTATION_UPDATED,2025-01-03,Mutation,,,,,,,,,MR-05-02-001,Owner_F,Owner_G,,,,
EVT-000146,PROP-00041,RTC_BASELINE,2024-06-09,RTC,Owner_G,1.5,72/2,2,,,,,,,,,,,
EVT-000147,PROP-00041,MORTGAGE_REGISTERED,2024-07-09,Mortgage,,,,,,,,,,,,,,MTG-00042,Lender_A
EVT-000148,PROP-00041,MORTGAGE_RELEASED,2025-01-05,Mortgage,,,,,,,,,,,,,,MTG-00042,
EVT-000149,PROP-00041,SALE_REGISTERED,2025-01-05,Registration,,,,,REG-05-02-002,Owner_G,Owner_H,1.5,,,,,,,
EVT-000150,PROP-00041,MUTATION_UPDATED,2025-01-07,Mutation,,,,,,,,,MR-05-02-002,Owner_G,Owner_H,,,,
EVT-000151,PROP-00042,RTC_BASELINE,2024-06-13,RTC,Owner_H,2.0,73/3,3,,,,,,,,,,,
EVT-000152,PROP-00042,MORTGAGE_REGISTERED,2024-07-13,Mortgage,,,,,,,,,,,,,,MTG-00043,Lender_A
EVT-000153,PROP-00042,MORTGAGE_RELEASED,2025-01-09,Mortgage,,,,,,,,,,,,,,MTG-00043,
EVT-000154,PROP-00042,SALE_REGISTERED,2025-01-09,Registration,,,,,REG-05-02-003,Owner_H,Owner_A,2.0,,,,,,,
EVT-000155,PROP-00042,MUTATION_UPDATED,2025-01-11,Mutation,,,,,,,,,MR-05-02-003,Owner_H,Owner_A,,,,
EVT-000156,PROP-00043,RTC_BASELINE,2024-06-17,RTC,Owner_G,1.5,74/1,1,,,,,,,,,,,
EVT-000157,PROP-00043,MORTGAGE_REGISTERED,2024-07-17,Mortgage,,,,,,,,,,,,,,MTG-00044,Lender_A
EVT-000158,PROP-00043,MORTGAGE_RELEASED,2025-01-13,Mortgage,,,,,,,,,,,,,,MTG-00044,
EVT-000159,PROP-00043,SALE_REGISTERED,2025-01-13,Registration,,,,,REG-05-03-001,Owner_G,Owner_H,1.5,,,,,,,
EVT-000160,PROP-00043,MUTATION_UPDATED,2025-01-15,Mutation,,,,,,,,,MR-05-03-001,Owner_G,Owner_H,,,,
EVT-000161,PROP-00044,RTC_BASELINE,2024-06-21,RTC,Owner_H,2.0,75/2,2,,,,,,,,,,,
EVT-000162,PROP-00044,MORTGAGE_REGISTERED,2024-07-21,Mortgage,,,,,,,,,,,,,,MTG-00045,Lender_A
EVT-000163,PROP-00044,MORTGAGE_RELEASED,2025-01-17,Mortgage,,,,,,,,,,,,,,MTG-00045,
EVT-000164,PROP-00044,SALE_REGISTERED,2025-01-17,Registration,,,,,REG-05-03-002,Owner_H,Owner_A,2.0,,,,,,,
EVT-000165,PROP-00044,MUTATION_UPDATED,2025-01-19,Mutation,,,,,,,,,MR-05-03-002,Owner_H,Owner_A,,,,
EVT-000166,PROP-00045,RTC_BASELINE,2024-06-25,RTC,Owner_A,2.5,76/3,3,,,,,,,,,,,
EVT-000167,PROP-00045,MORTGAGE_REGISTERED,2024-07-25,Mortgage,,,,,,,,,,,,,,MTG-00046,Lender_A
EVT-000168,PROP-00045,MORTGAGE_RELEASED,2025-01-21,Mortgage,,,,,,,,,,,,,,MTG-00046,
EVT-000169,PROP-00045,SALE_REGISTERED,2025-01-21,Registration,,,,,REG-05-03-003,Owner_A,Owner_B,2.5,,,,,,,
EVT-000170,PROP-00045,MUTATION_UPDATED,2025-01-23,Mutation,,,,,,,,,MR-05-03-003,Owner_A,Owner_B,,,,
EVT-000171,PROP-00046,RTC_BASELINE,2024-06-29,RTC,Owner_F,1.5,75/1,1,,,,,,,,,,,
EVT-000172,PROP-00046,MORTGAGE_REGISTERED,2024-07-29,Mortgage,,,,,,,,,,,,,,MTG-00047,Lender_A
EVT-000173,PROP-00046,MORTGAGE_RELEASED,2025-01-25,Mortgage,,,,,,,,,,,,,,MTG-00047,
EVT-000174,PROP-00046,SALE_REGISTERED,2025-01-25,Registration,,,,,REG-06-01-001,Owner_F,Owner_G,1.5,,,,,,,
EVT-000175,PROP-00046,MUTATION_UPDATED,2025-01-27,Mutation,,,,,,,,,MR-06-01-001,Owner_F,Owner_G,,,,
EVT-000176,PROP-00047,RTC_BASELINE,2024-07-03,RTC,Owner_G,2.0,76/2,2,,,,,,,,,,,
EVT-000177,PROP-00047,MORTGAGE_REGISTERED,2024-08-02,Mortgage,,,,,,,,,,,,,,MTG-00048,Lender_A
EVT-000178,PROP-00047,MORTGAGE_RELEASED,2025-01-29,Mortgage,,,,,,,,,,,,,,MTG-00048,
EVT-000179,PROP-00047,SALE_REGISTERED,2025-01-29,Registration,,,,,REG-06-01-002,Owner_G,Owner_H,2.0,,,,,,,
EVT-000180,PROP-00047,MUTATION_UPDATED,2025-01-31,Mutation,,,,,,,,,MR-06-01-002,Owner_G,Owner_H,,,,
EVT-000181,PROP-00048,RTC_BASELINE,2024-07-07,RTC,Owner_H,2.5,77/3,3,,,,,,,,,,,
EVT-000182,PROP-00048,SALE_REGISTERED,2025-02-02,Registration,,,,,REG-06-01-003,Owner_H,Owner_A,2.5,,,,,,,
EVT-000183,PROP-00048,MUTATION_UPDATED,2025-02-04,Mutation,,,,,,,,,MR-06-01-003,Owner_H,Owner_A,,,,
EVT-000184,PROP-00049,RTC_BASELINE,2024-07-11,RTC,Owner_G,2.0,78/1,1,,,,,,,,,,,
EVT-000185,PROP-00049,MORTGAGE_REGISTERED,2024-08-10,Mortgage,,,,,,,,,,,,,,MTG-00050,Lender_A
EVT-000186,PROP-00049,MORTGAGE_RELEASED,2025-02-06,Mortgage,,,,,,,,,,,,,,MTG-00050,
EVT-000187,PROP-00049,SALE_REGISTERED,2025-02-06,Registration,,,,,REG-06-02-001,Owner_G,Owner_H,2.0,,,,,,,
EVT-000188,PROP-00049,MUTATION_UPDATED,2025-02-08,Mutation,,,,,,,,,MR-06-02-001,Owner_G,Owner_H,,,,
EVT-000189,PROP-00050,RTC_BASELINE,2024-07-15,RTC,Owner_H,2.5,79/2,2,,,,,,,,,,,
EVT-000190,PROP-00050,SALE_REGISTERED,2025-02-10,Registration,,,,,REG-06-02-002,Owner_H,Owner_A,2.5,,,,,,,
EVT-000191,PROP-00050,MUTATION_UPDATED,2025-02-12,Mutation,,,,,,,,,MR-06-02-002,Owner_H,Owner_A,,,,
EVT-000192,PROP-00051,RTC_BASELINE,2024-07-19,RTC,Owner_A,3.0,80/3,3,,,,,,,,,,,
EVT-000193,PROP-00051,SALE_REGISTERED,2025-02-14,Registration,,,,,REG-06-02-003,Owner_A,Owner_B,3.0,,,,,,,
EVT-000194,PROP-00051,MUTATION_UPDATED,2025-02-16,Mutation,,,,,,,,,MR-06-02-003,Owner_A,Owner_B,,,,
EVT-000195,PROP-00052,RTC_BASELINE,2024-07-23,RTC,Owner_H,2.5,81/1,1,,,,,,,,,,,
EVT-000196,PROP-00052,SALE_REGISTERED,2025-02-18,Registration,,,,,REG-06-03-001,Owner_H,Owner_A,2.5,,,,,,,
EVT-000197,PROP-00052,MUTATION_UPDATED,2025-02-20,Mutation,,,,,,,,,MR-06-03-001,Owner_H,Owner_A,,,,
EVT-000198,PROP-00053,RTC_BASELINE,2024-07-27,RTC,Owner_A,3.0,82/2,2,,,,,,,,,,,
EVT-000199,PROP-00053,SALE_REGISTERED,2025-02-22,Registration,,,,,REG-06-03-002,Owner_A,Owner_B,3.0,,,,,,,
EVT-000200,PROP-00053,MUTATION_UPDATED,2025-02-24,Mutation,,,,,,,,,MR-06-03-002,Owner_A,Owner_B,,,,
EVT-000201,PROP-00054,RTC_BASELINE,2024-07-31,RTC,Owner_B,3.5,83/3,3,,,,,,,,,,,
EVT-000202,PROP-00054,SALE_REGISTERED,2025-02-26,Registration,,,,,REG-06-03-003,Owner_B,Owner_C,3.5,,,,,,,
EVT-000203,PROP-00054,MUTATION_UPDATED,2025-02-28,Mutation,,,,,,,,,MR-06-03-003,Owner_B,Owner_C,,,,
EVT-000204,PROP-00055,RTC_BASELINE,2024-08-04,RTC,Owner_G,2.5,82/1,1,,,,,,,,,,,
EVT-000205,PROP-00055,SALE_REGISTERED,2025-03-02,Registration,,,,,REG-07-01-001,Owner_G,Owner_H,2.5,,,,,,,
EVT-000206,PROP-00055,MUTATION_UPDATED,2025-03-04,Mutation,,,,,,,,,MR-07-01-001,Owner_G,Owner_H,,,,
EVT-000207,PROP-00056,RTC_BASELINE,2024-08-08,RTC,Owner_H,3.0,83/2,2,,,,,,,,,,,
EVT-000208,PROP-00056,SALE_REGISTERED,2025-03-06,Registration,,,,,REG-07-01-002,Owner_H,Owner_A,3.0,,,,,,,
EVT-000209,PROP-00056,MUTATION_UPDATED,2025-03-08,Mutation,,,,,,,,,MR-07-01-002,Owner_H,Owner_A,,,,
EVT-000210,PROP-00057,RTC_BASELINE,2024-08-12,RTC,Owner_A,3.5,84/3,3,,,,,,,,,,,
EVT-000211,PROP-00057,SALE_REGISTERED,2025-03-10,Registration,,,,,REG-07-01-003,Owner_A,Owner_C,3.5,,,,,,,
EVT-000212,PROP-00057,MUTATION_UPDATED,2025-03-12,Mutation,,,,,,,,,MR-07-01-003,Owner_A,Owner_D,,,,
EVT-000213,PROP-00058,RTC_BASELINE,2024-08-16,RTC,Owner_H,3.0,85/1,1,,,,,,,,,,,
EVT-000214,PROP-00058,SALE_REGISTERED,2025-03-14,Registration,,,,,REG-07-02-001,Owner_H,Owner_A,3.0,,,,,,,
EVT-000215,PROP-00058,MUTATION_UPDATED,2025-03-16,Mutation,,,,,,,,,MR-07-02-001,Owner_H,Owner_A,,,,
EVT-000216,PROP-00059,RTC_BASELINE,2024-08-20,RTC,Owner_A,3.5,86/2,2,,,,,,,,,,,
EVT-000217,PROP-00059,SALE_REGISTERED,2025-03-18,Registration,,,,,REG-07-02-002,Owner_A,Owner_C,3.5,,,,,,,
EVT-000218,PROP-00059,MUTATION_UPDATED,2025-03-20,Mutation,,,,,,,,,MR-07-02-002,Owner_A,Owner_D,,,,
EVT-000219,PROP-00060,RTC_BASELINE,2024-08-24,RTC,Owner_B,4.0,87/3,3,,,,,,,,,,,
EVT-000220,PROP-00060,SALE_REGISTERED,2025-03-22,Registration,,,,,REG-07-02-003,Owner_B,Owner_C,5.0,,,,,,,
EVT-000221,PROP-00060,MUTATION_UPDATED,2025-03-24,Mutation,,,,,,,,,MR-07-02-003,Owner_B,Owner_C,,,,
EVT-000222,PROP-00060,EXTENT_CHANGED,2025-03-24,Mutation,,,,,,,,,,,,4.0,5.0,,
EVT-000223,PROP-00061,RTC_BASELINE,2024-08-28,RTC,Owner_A,3.5,88/1,1,,,,,,,,,,,
EVT-000224,PROP-00061,SALE_REGISTERED,2025-03-26,Registration,,,,,REG-07-03-001,Owner_A,Owner_C,3.5,,,,,,,
EVT-000225,PROP-00061,MUTATION_UPDATED,2025-03-28,Mutation,,,,,,,,,MR-07-03-001,Owner_A,Owner_D,,,,
EVT-000226,PROP-00062,RTC_BASELINE,2024-09-01,RTC,Owner_B,4.0,89/2,2,,,,,,,,,,,
EVT-000227,PROP-00062,SALE_REGISTERED,2025-03-30,Registration,,,,,REG-07-03-002,Owner_B,Owner_C,5.0,,,,,,,
EVT-000228,PROP-00062,MUTATION_UPDATED,2025-04-01,Mutation,,,,,,,,,MR-07-03-002,Owner_B,Owner_C,,,,
EVT-000229,PROP-00062,EXTENT_CHANGED,2025-04-01,Mutation,,,,,,,,,,,,4.0,5.0,,
EVT-000230,PROP-00063,RTC_BASELINE,2024-09-05,RTC,Owner_C,4.5,90/3,3,,,,,,,,,,,
EVT-000231,PROP-00063,SALE_REGISTERED,2025-04-03,Registration,,,,,REG-07-03-003,Owner_C,Owner_D,4.5,,,,,,,
EVT-000232,PROP-00063,MUTATION_UPDATED,2025-04-05,Mutation,,,,,,,,,MR-07-03-003,Owner_C,Owner_D,,,,
EVT-000233,PROP-00064,RTC_BASELINE,2024-09-09,RTC,Owner_H,3.5,89/1,1,,,,,,,,,,,
EVT-000234,PROP-00064,SALE_REGISTERED,2025-04-07,Registration,,,,,REG-08-01-001,Owner_H,Owner_A,4.5,,,,,,,
EVT-000235,PROP-00064,MUTATION_UPDATED,2025-04-09,Mutation,,,,,,,,,MR-08-01-001,Owner_H,Owner_A,,,,
EVT-000236,PROP-00064,EXTENT_CHANGED,2025-04-09,Mutation,,,,,,,,,,,,3.5,4.5,,
EVT-000237,PROP-00065,RTC_BASELINE,2024-09-13,RTC,Owner_A,4.0,90/2,2,,,,,,,,,,,
EVT-000238,PROP-00065,SALE_REGISTERED,2025-04-11,Registration,,,,,REG-08-01-002,Owner_A,Owner_B,4.0,,,,,,,
EVT-000239,PROP-00065,MUTATION_UPDATED,2025-04-13,Mutation,,,,,,,,,MR-08-01-002,Owner_A,Owner_B,,,,
EVT-000240,PROP-00066,RTC_BASELINE,2024-09-17,RTC,Owner_B,4.5,91/3,3,,,,,,,,,,,
EVT-000241,PROP-00066,SALE_REGISTERED,2025-04-15,Registration,,,,,REG-08-01-003,Owner_B,Owner_C,4.5,,,,,,,
EVT-000242,PROP-00066,MUTATION_UPDATED,2025-04-17,Mutation,,,,,,,,,MR-08-01-003,Owner_B,Owner_C,,,,
EVT-000243,PROP-00067,RTC_BASELINE,2024-09-21,RTC,Owner_A,4.0,92/1,1,,,,,,,,,,,
EVT-000244,PROP-00067,SALE_REGISTERED,2025-04-19,Registration,,,,,REG-08-02-001,Owner_A,Owner_B,4.0,,,,,,,
EVT-000245,PROP-00067,MUTATION_UPDATED,2025-04-21,Mutation,,,,,,,,,MR-08-02-001,Owner_A,Owner_B,,,,
EVT-000246,PROP-00068,RTC_BASELINE,2024-09-25,RTC,Owner_B,4.5,93/2,2,,,,,,,,,,,
EVT-000247,PROP-00068,SALE_REGISTERED,2025-04-23,Registration,,,,,REG-08-02-002,Owner_B,Owner_C,4.5,,,,,,,
EVT-000248,PROP-00068,MUTATION_UPDATED,2025-04-25,Mutation,,,,,,,,,MR-08-02-002,Owner_B,Owner_C,,,,
EVT-000249,PROP-00069,RTC_BASELINE,2024-09-29,RTC,Owner_C,5.0,94/3,3,,,,,,,,,,,
EVT-000250,PROP-00069,MORTGAGE_REGISTERED,2024-10-29,Mortgage,,,,,,,,,,,,,,MTG-00070,Lender_A
EVT-000251,PROP-00069,MORTGAGE_RELEASED,2025-04-27,Mortgage,,,,,,,,,,,,,,MTG-00070,
EVT-000252,PROP-00069,SALE_REGISTERED,2025-04-27,Registration,,,,,REG-08-02-003,Owner_C,Owner_D,5.0,,,,,,,
EVT-000253,PROP-00069,MUTATION_UPDATED,2025-04-29,Mutation,,,,,,,,,MR-08-02-003,Owner_C,Owner_D,,,,
EVT-000254,PROP-00070,RTC_BASELINE,2024-10-03,RTC,Owner_B,4.5,95/1,1,,,,,,,,,,,
EVT-000255,PROP-00070,SALE_REGISTERED,2025-05-01,Registration,,,,,REG-08-03-001,Owner_B,Owner_C,4.5,,,,,,,
EVT-000256,PROP-00070,MUTATION_UPDATED,2025-05-03,Mutation,,,,,,,,,MR-08-03-001,Owner_B,Owner_C,,,,
EVT-000257,PROP-00071,RTC_BASELINE,2024-10-07,RTC,Owner_C,5.0,96/2,2,,,,,,,,,,,
EVT-000258,PROP-00071,MORTGAGE_REGISTERED,2024-11-06,Mortgage,,,,,,,,,,,,,,MTG-00072,Lender_A
EVT-000259,PROP-00071,MORTGAGE_RELEASED,2025-05-05,Mortgage,,,,,,,,,,,,,,MTG-00072,
EVT-000260,PROP-00071,SALE_REGISTERED,2025-05-05,Registration,,,,,REG-08-03-002,Owner_C,Owner_D,5.0,,,,,,,
EVT-000261,PROP-00071,MUTATION_UPDATED,2025-05-07,Mutation,,,,,,,,,MR-08-03-002,Owner_C,Owner_D,,,,
EVT-000262,PROP-00072,RTC_BASELINE,2024-10-11,RTC,Owner_D,5.5,97/3,3,,,,,,,,,,,
EVT-000263,PROP-00072,MORTGAGE_REGISTERED,2024-11-10,Mortgage,,,,,,,,,,,,,,MTG-00073,Lender_A
EVT-000264,PROP-00072,MORTGAGE_RELEASED,2025-05-09,Mortgage,,,,,,,,,,,,,,MTG-00073,
EVT-000265,PROP-00072,SALE_REGISTERED,2025-05-09,Registration,,,,,REG-08-03-003,Owner_D,Owner_E,5.5,,,,,,,
EVT-000266,PROP-00072,MUTATION_UPDATED,2025-05-11,Mutation,,,,,,,,,MR-08-03-003,Owner_D,Owner_E,,,,
EVT-000267,PROP-00073,RTC_BASELINE,2024-10-15,RTC,Owner_A,4.5,96/1,1,,,,,,,,,,,
EVT-000268,PROP-00073,MORTGAGE_REGISTERED,2024-11-14,Mortgage,,,,,,,,,,,,,,MTG-00074,Lender_A
EVT-000269,PROP-00073,MORTGAGE_RELEASED,2025-05-13,Mortgage,,,,,,,,,,,,,,MTG-00074,
EVT-000270,PROP-00073,SALE_REGISTERED,2025-05-13,Registration,,,,,REG-09-01-001,Owner_A,Owner_B,4.5,,,,,,,
EVT-000271,PROP-00073,MUTATION_UPDATED,2025-05-15,Mutation,,,,,,,,,MR-09-01-001,Owner_A,Owner_B,,,,
EVT-000272,PROP-00074,RTC_BASELINE,2024-10-19,RTC,Owner_B,5.0,97/2,2,,,,,,,,,,,
EVT-000273,PROP-00074,MORTGAGE_REGISTERED,2024-11-18,Mortgage,,,,,,,,,,,,,,MTG-00075,Lender_A
EVT-000274,PROP-00074,MORTGAGE_RELEASED,2025-05-17,Mortgage,,,,,,,,,,,,,,MTG-00075,
EVT-000275,PROP-00074,SALE_REGISTERED,2025-05-17,Registration,,,,,REG-09-01-002,Owner_B,Owner_C,5.0,,,,,,,
EVT-000276,PROP-00074,MUTATION_UPDATED,2025-05-19,Mutation,,,,,,,,,MR-09-01-002,Owner_B,Owner_C,,,,
EVT-000277,PROP-00075,RTC_BASELINE,2024-10-23,RTC,Owner_C,5.5,98/3,3,,,,,,,,,,,
EVT-000278,PROP-00075,MORTGAGE_REGISTERED,2024-11-22,Mortgage,,,,,,,,,,,,,,MTG-00076,Lender_A
EVT-000279,PROP-00075,MORTGAGE_RELEASED,2025-05-21,Mortgage,,,,,,,,,,,,,,MTG-00076,
EVT-000280,PROP-00075,SALE_REGISTERED,2025-05-21,Registration,,,,,REG-09-01-003,Owner_C,Owner_D,5.5,,,,,,,
EVT-000281,PROP-00075,MUTATION_UPDATED,2025-05-23,Mutation,,,,,,,,,MR-09-01-003,Owner_C,Owner_D,,,,
EVT-000282,PROP-00076,RTC_BASELINE,2024-10-27,RTC,Owner_B,5.0,99/1,1,,,,,,,,,,,
EVT-000283,PROP-00076,MORTGAGE_REGISTERED,2024-11-26,Mortgage,,,,,,,,,,,,,,MTG-00077,Lender_A
EVT-000284,PROP-00076,MORTGAGE_RELEASED,2025-05-25,Mortgage,,,,,,,,,,,,,,MTG-00077,
EVT-000285,PROP-00076,SALE_REGISTERED,2025-05-25,Registration,,,,,REG-09-02-001,Owner_B,Owner_C,5.0,,,,,,,
EVT-000286,PROP-00076,MUTATION_UPDATED,2025-05-27,Mutation,,,,,,,,,MR-09-02-001,Owner_B,Owner_C,,,,
EVT-000287,PROP-00077,RTC_BASELINE,2024-10-31,RTC,Owner_C,5.5,40/2,2,,,,,,,,,,,
EVT-000288,PROP-00077,MORTGAGE_REGISTERED,2024-11-30,Mortgage,,,,,,,,,,,,,,MTG-00078,Lender_A
EVT-000289,PROP-00077,MORTGAGE_RELEASED,2025-05-29,Mortgage,,,,,,,,,,,,,,MTG-00078,
EVT-000290,PROP-00077,SALE_REGISTERED,2025-05-29,Registration,,,,,REG-09-02-002,Owner_C,Owner_D,5.5,,,,,,,
EVT-000291,PROP-00077,MUTATION_UPDATED,2025-05-31,Mutation,,,,,,,,,MR-09-02-002,Owner_C,Owner_D,,,,
EVT-000292,PROP-00078,RTC_BASELINE,2024-11-04,RTC,Owner_D,6.0,41/3,3,,,,,,,,,,,
EVT-000293,PROP-00078,SALE_REGISTERED,2025-06-02,Registration,,,,,REG-09-02-003,Owner_D,Owner_E,6.0,,,,,,,
EVT-000294,PROP-00078,MUTATION_UPDATED,2025-06-04,Mutation,,,,,,,,,MR-09-02-003,Owner_D,Owner_E,,,,
EVT-000295,PROP-00079,RTC_BASELINE,2024-11-08,RTC,Owner_C,5.5,42/1,1,,,,,,,,,,,
EVT-000296,PROP-00079,MORTGAGE_REGISTERED,2024-12-08,Mortgage,,,,,,,,,,,,,,MTG-00080,Lender_A
EVT-000297,PROP-00079,MORTGAGE_RELEASED,2025-06-06,Mortgage,,,,,,,,,,,,,,MTG-00080,
EVT-000298,PROP-00079,SALE_REGISTERED,2025-06-06,Registration,,,,,REG-09-03-001,Owner_C,Owner_D,5.5,,,,,,,
EVT-000299,PROP-00079,MUTATION_UPDATED,2025-06-08,Mutation,,,,,,,,,MR-09-03-001,Owner_C,Owner_D,,,,
EVT-000300,PROP-00080,RTC_BASELINE,2024-11-12,RTC,Owner_D,6.0,43/2,2,,,,,,,,,,,
EVT-000301,PROP-00080,SALE_REGISTERED,2025-06-10,Registration,,,,,REG-09-03-002,Owner_D,Owner_E,6.0,,,,,,,
EVT-000302,PROP-00080,MUTATION_UPDATED,2025-06-12,Mutation,,,,,,,,,MR-09-03-002,Owner_D,Owner_E,,,,
EVT-000303,PROP-00081,RTC_BASELINE,2024-11-16,RTC,Owner_E,1.5,44/3,3,,,,,,,,,,,
EVT-000304,PROP-00081,SALE_REGISTERED,2025-06-14,Registration,,,,,REG-09-03-003,Owner_E,Owner_F,1.5,,,,,,,
EVT-000305,PROP-00081,MUTATION_UPDATED,2025-06-16,Mutation,,,,,,,,,MR-09-03-003,Owner_E,Owner_F,,,,
EVT-000306,PROP-00082,RTC_BASELINE,2024-11-20,RTC,Owner_B,5.5,43/1,1,,,,,,,,,,,
EVT-000307,PROP-00082,SALE_REGISTERED,2025-06-18,Registration,,,,,REG-10-01-001,Owner_B,Owner_C,5.5,,,,,,,
EVT-000308,PROP-00082,MUTATION_UPDATED,2025-06-20,Mutation,,,,,,,,,MR-10-01-001,Owner_B,Owner_C,,,,
EVT-000309,PROP-00083,RTC_BASELINE,2024-11-24,RTC,Owner_C,6.0,44/2,2,,,,,,,,,,,
EVT-000310,PROP-00083,SALE_REGISTERED,2025-06-22,Registration,,,,,REG-10-01-002,Owner_C,Owner_D,6.0,,,,,,,
EVT-000311,PROP-00083,MUTATION_UPDATED,2025-06-24,Mutation,,,,,,,,,MR-10-01-002,Owner_C,Owner_D,,,,
EVT-000312,PROP-00084,RTC_BASELINE,2024-11-28,RTC,Owner_D,1.5,45/3,3,,,,,,,,,,,
EVT-000313,PROP-00084,SALE_REGISTERED,2025-06-26,Registration,,,,,REG-10-01-003,Owner_D,Owner_E,1.5,,,,,,,
EVT-000314,PROP-00084,MUTATION_UPDATED,2025-06-28,Mutation,,,,,,,,,MR-10-01-003,Owner_D,Owner_E,,,,
EVT-000315,PROP-00085,RTC_BASELINE,2024-12-02,RTC,Owner_C,6.0,46/1,1,,,,,,,,,,,
EVT-000316,PROP-00085,SALE_REGISTERED,2025-06-30,Registration,,,,,REG-10-02-001,Owner_C,Owner_D,6.0,,,,,,,
EVT-000317,PROP-00085,MUTATION_UPDATED,2025-07-02,Mutation,,,,,,,,,MR-10-02-001,Owner_C,Owner_D,,,,
EVT-000318,PROP-00086,RTC_BASELINE,2024-12-06,RTC,Owner_D,1.5,47/2,2,,,,,,,,,,,
EVT-000319,PROP-00086,SALE_REGISTERED,2025-07-04,Registration,,,,,REG-10-02-002,Owner_D,Owner_E,1.5,,,,,,,
EVT-000320,PROP-00086,MUTATION_UPDATED,2025-07-06,Mutation,,,,,,,,,MR-10-02-002,Owner_D,Owner_E,,,,
EVT-000321,PROP-00087,RTC_BASELINE,2024-12-10,RTC,Owner_E,2.0,48/3,3,,,,,,,,,,,
EVT-000322,PROP-00087,SALE_REGISTERED,2025-07-08,Registration,,,,,REG-10-02-003,Owner_E,Owner_C,2.0,,,,,,,
EVT-000323,PROP-00087,MUTATION_UPDATED,2025-07-10,Mutation,,,,,,,,,MR-10-02-003,Owner_E,Owner_D,,,,
EVT-000324,PROP-00088,RTC_BASELINE,2024-12-14,RTC,Owner_D,1.5,49/1,1,,,,,,,,,,,
EVT-000325,PROP-00088,SALE_REGISTERED,2025-07-12,Registration,,,,,REG-10-03-001,Owner_D,Owner_E,1.5,,,,,,,
EVT-000326,PROP-00088,MUTATION_UPDATED,2025-07-14,Mutation,,,,,,,,,MR-10-03-001,Owner_D,Owner_E,,,,
EVT-000327,PROP-00089,RTC_BASELINE,2024-12-18,RTC,Owner_E,2.0,50/2,2,,,,,,,,,,,
EVT-000328,PROP-00089,SALE_REGISTERED,2025-07-16,Registration,,,,,REG-10-03-002,Owner_E,Owner_C,2.0,,,,,,,
EVT-000329,PROP-00089,MUTATION_UPDATED,2025-07-18,Mutation,,,,,,,,,MR-10-03-002,Owner_E,Owner_D,,,,
EVT-000330,PROP-00090,RTC_BASELINE,2024-12-22,RTC,Owner_F,2.5,51/3,3,,,,,,,,,,,
EVT-000331,PROP-00090,SALE_REGISTERED,2025-07-20,Registration,,,,,REG-10-03-003,Owner_F,Owner_G,3.5,,,,,,,
EVT-000332,PROP-00090,MUTATION_UPDATED,2025-07-22,Mutation,,,,,,,,,MR-10-03-003,Owner_F,Owner_G,,,,
EVT-000333,PROP-00090,EXTENT_CHANGED,2025-07-22,Mutation,,,,,,,,,,,,2.5,3.5,,
EVT-000334,PROP-00091,RTC_BASELINE,2024-12-26,RTC,Owner_C,1.5,50/1,1,,,,,,,,,,,
EVT-000335,PROP-00091,SALE_REGISTERED,2025-07-24,Registration,,,,,REG-11-01-001,Owner_C,Owner_C,1.5,,,,,,,
EVT-000336,PROP-00091,MUTATION_UPDATED,2025-07-26,Mutation,,,,,,,,,MR-11-01-001,Owner_C,Owner_D,,,,
EVT-000337,PROP-00092,RTC_BASELINE,2024-12-30,RTC,Owner_D,2.0,51/2,2,,,,,,,,,,,
EVT-000338,PROP-00092,SALE_REGISTERED,2025-07-28,Registration,,,,,REG-11-01-002,Owner_D,Owner_E,3.0,,,,,,,
EVT-000339,PROP-00092,MUTATION_UPDATED,2025-07-30,Mutation,,,,,,,,,MR-11-01-002,Owner_D,Owner_E,,,,
EVT-000340,PROP-00092,EXTENT_CHANGED,2025-07-30,Mutation,,,,,,,,,,,,2.0,3.0,,
EVT-000341,PROP-00093,RTC_BASELINE,2025-01-03,RTC,Owner_E,2.5,52/3,3,,,,,,,,,,,
EVT-000342,PROP-00093,SALE_REGISTERED,2025-08-01,Registration,,,,,REG-11-01-003,Owner_E,Owner_F,2.5,,,,,,,
EVT-000343,PROP-00093,MUTATION_UPDATED,2025-08-03,Mutation,,,,,,,,,MR-11-01-003,Owner_E,Owner_F,,,,
EVT-000344,PROP-00094,RTC_BASELINE,2025-01-07,RTC,Owner_D,2.0,53/1,1,,,,,,,,,,,
EVT-000345,PROP-00094,SALE_REGISTERED,2025-08-05,Registration,,,,,REG-11-02-001,Owner_D,Owner_E,3.0,,,,,,,
EVT-000346,PROP-00094,MUTATION_UPDATED,2025-08-07,Mutation,,,,,,,,,MR-11-02-001,Owner_D,Owner_E,,,,
EVT-000347,PROP-00094,EXTENT_CHANGED,2025-08-07,Mutation,,,,,,,,,,,,2.0,3.0,,
EVT-000348,PROP-00095,RTC_BASELINE,2025-01-11,RTC,Owner_E,2.5,54/2,2,,,,,,,,,,,
EVT-000349,PROP-00095,SALE_REGISTERED,2025-08-09,Registration,,,,,REG-11-02-002,Owner_E,Owner_F,2.5,,,,,,,
EVT-000350,PROP-00095,MUTATION_UPDATED,2025-08-11,Mutation,,,,,,,,,MR-11-02-002,Owner_E,Owner_F,,,,
EVT-000351,PROP-00096,RTC_BASELINE,2025-01-15,RTC,Owner_F,3.0,55/3,3,,,,,,,,,,,
EVT-000352,PROP-00096,SALE_REGISTERED,2025-08-13,Registration,,,,,REG-11-02-003,Owner_F,Owner_G,3.0,,,,,,,
EVT-000353,PROP-00096,MUTATION_UPDATED,2025-08-15,Mutation,,,,,,,,,MR-11-02-003,Owner_F,Owner_G,,,,
EVT-000354,PROP-00097,RTC_BASELINE,2025-01-19,RTC,Owner_E,2.5,56/1,1,,,,,,,,,,,
EVT-000355,PROP-00097,SALE_REGISTERED,2025-08-17,Registration,,,,,REG-11-03-001,Owner_E,Owner_F,2.5,,,,,,,
EVT-000356,PROP-00097,MUTATION_UPDATED,2025-08-19,Mutation,,,,,,,,,MR-11-03-001,Owner_E,Owner_F,,,,
EVT-000357,PROP-00098,RTC_BASELINE,2025-01-23,RTC,Owner_F,3.0,57/2,2,,,,,,,,,,,
EVT-000358,PROP-00098,SALE_REGISTERED,2025-08-21,Registration,,,,,REG-11-03-002,Owner_F,Owner_G,3.0,,,,,,,
EVT-000359,PROP-00098,MUTATION_UPDATED,2025-08-23,Mutation,,,,,,,,,MR-11-03-002,Owner_F,Owner_G,,,,
EVT-000360,PROP-00099,RTC_BASELINE,2025-01-27,RTC,Owner_G,3.5,58/3,3,,,,,,,,,,,
EVT-000361,PROP-00099,MORTGAGE_REGISTERED,2025-02-26,Mortgage,,,,,,,,,,,,,,MTG-00100,Lender_A
EVT-000362,PROP-00099,MORTGAGE_RELEASED,2025-08-25,Mortgage,,,,,,,,,,,,,,MTG-00100,
EVT-000363,PROP-00099,SALE_REGISTERED,2025-08-25,Registration,,,,,REG-11-03-003,Owner_G,Owner_H,3.5,,,,,,,
EVT-000364,PROP-00099,MUTATION_UPDATED,2025-08-27,Mutation,,,,,,,,,MR-11-03-003,Owner_G,Owner_H,,,,
EVT-000365,PROP-00100,RTC_BASELINE,2025-01-31,RTC,Owner_D,2.5,57/1,1,,,,,,,,,,,
EVT-000366,PROP-00100,SALE_REGISTERED,2025-08-29,Registration,,,,,REG-12-01-001,Owner_D,Owner_E,2.5,,,,,,,
EVT-000367,PROP-00100,MUTATION_UPDATED,2025-08-31,Mutation,,,,,,,,,MR-12-01-001,Owner_D,Owner_E,,,,
EVT-000368,PROP-00101,RTC_BASELINE,2025-02-04,RTC,Owner_E,3.0,58/2,2,,,,,,,,,,,
EVT-000369,PROP-00101,MORTGAGE_REGISTERED,2025-03-06,Mortgage,,,,,,,,,,,,,,MTG-00102,Lender_A
EVT-000370,PROP-00101,MORTGAGE_RELEASED,2025-09-02,Mortgage,,,,,,,,,,,,,,MTG-00102,
EVT-000371,PROP-00101,SALE_REGISTERED,2025-09-02,Registration,,,,,REG-12-01-002,Owner_E,Owner_F,3.0,,,,,,,
EVT-000372,PROP-00101,MUTATION_UPDATED,2025-09-04,Mutation,,,,,,,,,MR-12-01-002,Owner_E,Owner_F,,,,
EVT-000373,PROP-00102,RTC_BASELINE,2025-02-08,RTC,Owner_F,3.5,59/3,3,,,,,,,,,,,
EVT-000374,PROP-00102,MORTGAGE_REGISTERED,2025-03-10,Mortgage,,,,,,,,,,,,,,MTG-00103,Lender_A
EVT-000375,PROP-00102,MORTGAGE_RELEASED,2025-09-06,Mortgage,,,,,,,,,,,,,,MTG-00103,
EVT-000376,PROP-00102,SALE_REGISTERED,2025-09-06,Registration,,,,,REG-12-01-003,Owner_F,Owner_G,3.5,,,,,,,
EVT-000377,PROP-00102,MUTATION_UPDATED,2025-09-08,Mutation,,,,,,,,,MR-12-01-003,Owner_F,Owner_G,,,,
EVT-000378,PROP-00103,RTC_BASELINE,2025-02-12,RTC,Owner_E,3.0,60/1,1,,,,,,,,,,,
EVT-000379,PROP-00103,MORTGAGE_REGISTERED,2025-03-14,Mortgage,,,,,,,,,,,,,,MTG-00104,Lender_A
EVT-000380,PROP-00103,MORTGAGE_RELEASED,2025-09-10,Mortgage,,,,,,,,,,,,,,MTG-00104,
EVT-000381,PROP-00103,SALE_REGISTERED,2025-09-10,Registration,,,,,REG-12-02-001,Owner_E,Owner_F,3.0,,,,,,,
EVT-000382,PROP-00103,MUTATION_UPDATED,2025-09-12,Mutation,,,,,,,,,MR-12-02-001,Owner_E,Owner_F,,,,
EVT-000383,PROP-00104,RTC_BASELINE,2025-02-16,RTC,Owner_F,3.5,61/2,2,,,,,,,,,,,
EVT-000384,PROP-00104,MORTGAGE_REGISTERED,2025-03-18,Mortgage,,,,,,,,,,,,,,MTG-00105,Lender_A
EVT-000385,PROP-00104,MORTGAGE_RELEASED,2025-09-14,Mortgage,,,,,,,,,,,,,,MTG-00105,
EVT-000386,PROP-00104,SALE_REGISTERED,2025-09-14,Registration,,,,,REG-12-02-002,Owner_F,Owner_G,3.5,,,,,,,
EVT-000387,PROP-00104,MUTATION_UPDATED,2025-09-16,Mutation,,,,,,,,,MR-12-02-002,Owner_F,Owner_G,,,,
EVT-000388,PROP-00105,RTC_BASELINE,2025-02-20,RTC,Owner_G,4.0,62/3,3,,,,,,,,,,,
EVT-000389,PROP-00105,MORTGAGE_REGISTERED,2025-03-22,Mortgage,,,,,,,,,,,,,,MTG-00106,Lender_A
EVT-000390,PROP-00105,MORTGAGE_RELEASED,2025-09-18,Mortgage,,,,,,,,,,,,,,MTG-00106,
EVT-000391,PROP-00105,SALE_REGISTERED,2025-09-18,Registration,,,,,REG-12-02-003,Owner_G,Owner_H,4.0,,,,,,,
EVT-000392,PROP-00105,MUTATION_UPDATED,2025-09-20,Mutation,,,,,,,,,MR-12-02-003,Owner_G,Owner_H,,,,
EVT-000393,PROP-00106,RTC_BASELINE,2025-02-24,RTC,Owner_F,3.5,63/1,1,,,,,,,,,,,
EVT-000394,PROP-00106,MORTGAGE_REGISTERED,2025-03-26,Mortgage,,,,,,,,,,,,,,MTG-00107,Lender_A
EVT-000395,PROP-00106,MORTGAGE_RELEASED,2025-09-22,Mortgage,,,,,,,,,,,,,,MTG-00107,
EVT-000396,PROP-00106,SALE_REGISTERED,2025-09-22,Registration,,,,,REG-12-03-001,Owner_F,Owner_G,3.5,,,,,,,
EVT-000397,PROP-00106,MUTATION_UPDATED,2025-09-24,Mutation,,,,,,,,,MR-12-03-001,Owner_F,Owner_G,,,,
EVT-000398,PROP-00107,RTC_BASELINE,2025-02-28,RTC,Owner_G,4.0,64/2,2,,,,,,,,,,,
EVT-000399,PROP-00107,MORTGAGE_REGISTERED,2025-03-30,Mortgage,,,,,,,,,,,,,,MTG-00108,Lender_A
EVT-000400,PROP-00107,MORTGAGE_RELEASED,2025-09-26,Mortgage,,,,,,,,,,,,,,MTG-00108,
EVT-000401,PROP-00107,SALE_REGISTERED,2025-09-26,Registration,,,,,REG-12-03-002,Owner_G,Owner_H,4.0,,,,,,,
EVT-000402,PROP-00107,MUTATION_UPDATED,2025-09-28,Mutation,,,,,,,,,MR-12-03-002,Owner_G,Owner_H,,,,
EVT-000403,PROP-00108,RTC_BASELINE,2025-03-04,RTC,Owner_H,4.5,65/3,3,,,,,,,,,,,
EVT-000404,PROP-00108,SALE_REGISTERED,2025-09-30,Registration,,,,,REG-12-03-003,Owner_H,Owner_A,4.5,,,,,,,
EVT-000405,PROP-00108,MUTATION_UPDATED,2025-10-02,Mutation,,,,,,,,,MR-12-03-003,Owner_H,Owner_A,,,,
EVT-000406,PROP-00109,RTC_BASELINE,2025-03-08,RTC,Owner_E,3.5,64/1,1,,,,,,,,,,,
EVT-000407,PROP-00109,MORTGAGE_REGISTERED,2025-04-07,Mortgage,,,,,,,,,,,,,,MTG-00110,Lender_A
EVT-000408,PROP-00109,MORTGAGE_RELEASED,2025-10-04,Mortgage,,,,,,,,,,,,,,MTG-00110,
EVT-000409,PROP-00109,SALE_REGISTERED,2025-10-04,Registration,,,,,REG-13-01-001,Owner_E,Owner_F,3.5,,,,,,,
EVT-000410,PROP-00109,MUTATION_UPDATED,2025-10-06,Mutation,,,,,,,,,MR-13-01-001,Owner_E,Owner_F,,,,
EVT-000411,PROP-00110,RTC_BASELINE,2025-03-12,RTC,Owner_F,4.0,65/2,2,,,,,,,,,,,
EVT-000412,PROP-00110,SALE_REGISTERED,2025-10-08,Registration,,,,,REG-13-01-002,Owner_F,Owner_G,4.0,,,,,,,
EVT-000413,PROP-00110,MUTATION_UPDATED,2025-10-10,Mutation,,,,,,,,,MR-13-01-002,Owner_F,Owner_G,,,,
EVT-000414,PROP-00111,RTC_BASELINE,2025-03-16,RTC,Owner_G,4.5,66/3,3,,,,,,,,,,,
EVT-000415,PROP-00111,SALE_REGISTERED,2025-10-12,Registration,,,,,REG-13-01-003,Owner_G,Owner_H,4.5,,,,,,,
EVT-000416,PROP-00111,MUTATION_UPDATED,2025-10-14,Mutation,,,,,,,,,MR-13-01-003,Owner_G,Owner_H,,,,
EVT-000417,PROP-00112,RTC_BASELINE,2025-03-20,RTC,Owner_F,4.0,67/1,1,,,,,,,,,,,
EVT-000418,PROP-00112,SALE_REGISTERED,2025-10-16,Registration,,,,,REG-13-02-001,Owner_F,Owner_G,4.0,,,,,,,
EVT-000419,PROP-00112,MUTATION_UPDATED,2025-10-18,Mutation,,,,,,,,,MR-13-02-001,Owner_F,Owner_G,,,,
EVT-000420,PROP-00113,RTC_BASELINE,2025-03-24,RTC,Owner_G,4.5,68/2,2,,,,,,,,,,,
EVT-000421,PROP-00113,SALE_REGISTERED,2025-10-20,Registration,,,,,REG-13-02-002,Owner_G,Owner_H,4.5,,,,,,,
EVT-000422,PROP-00113,MUTATION_UPDATED,2025-10-22,Mutation,,,,,,,,,MR-13-02-002,Owner_G,Owner_H,,,,
EVT-000423,PROP-00114,RTC_BASELINE,2025-03-28,RTC,Owner_H,5.0,69/3,3,,,,,,,,,,,
EVT-000424,PROP-00114,SALE_REGISTERED,2025-10-24,Registration,,,,,REG-13-02-003,Owner_H,Owner_A,5.0,,,,,,,
EVT-000425,PROP-00114,MUTATION_UPDATED,2025-10-26,Mutation,,,,,,,,,MR-13-02-003,Owner_H,Owner_A,,,,
EVT-000426,PROP-00115,RTC_BASELINE,2025-04-01,RTC,Owner_G,4.5,70/1,1,,,,,,,,,,,
EVT-000427,PROP-00115,SALE_REGISTERED,2025-10-28,Registration,,,,,REG-13-03-001,Owner_G,Owner_H,4.5,,,,,,,
EVT-000428,PROP-00115,MUTATION_UPDATED,2025-10-30,Mutation,,,,,,,,,MR-13-03-001,Owner_G,Owner_H,,,,
EVT-000429,PROP-00116,RTC_BASELINE,2025-04-05,RTC,Owner_H,5.0,71/2,2,,,,,,,,,,,
EVT-000430,PROP-00116,SALE_REGISTERED,2025-11-01,Registration,,,,,REG-13-03-002,Owner_H,Owner_A,5.0,,,,,,,
EVT-000431,PROP-00116,MUTATION_UPDATED,2025-11-03,Mutation,,,,,,,,,MR-13-03-002,Owner_H,Owner_A,,,,
EVT-000432,PROP-00117,RTC_BASELINE,2025-04-09,RTC,Owner_A,5.5,72/3,3,,,,,,,,,,,
EVT-000433,PROP-00117,SALE_REGISTERED,2025-11-05,Registration,,,,,REG-13-03-003,Owner_A,Owner_C,5.5,,,,,,,
EVT-000434,PROP-00117,MUTATION_UPDATED,2025-11-07,Mutation,,,,,,,,,MR-13-03-003,Owner_A,Owner_D,,,,
EVT-000435,PROP-00118,RTC_BASELINE,2025-04-13,RTC,Owner_F,4.5,71/1,1,,,,,,,,,,,
EVT-000436,PROP-00118,SALE_REGISTERED,2025-11-09,Registration,,,,,REG-14-01-001,Owner_F,Owner_G,4.5,,,,,,,
EVT-000437,PROP-00118,MUTATION_UPDATED,2025-11-11,Mutation,,,,,,,,,MR-14-01-001,Owner_F,Owner_G,,,,
EVT-000438,PROP-00119,RTC_BASELINE,2025-04-17,RTC,Owner_G,5.0,72/2,2,,,,,,,,,,,
EVT-000439,PROP-00119,SALE_REGISTERED,2025-11-13,Registration,,,,,REG-14-01-002,Owner_G,Owner_C,5.0,,,,,,,
EVT-000440,PROP-00119,MUTATION_UPDATED,2025-11-15,Mutation,,,,,,,,,MR-14-01-002,Owner_G,Owner_D,,,,
EVT-000441,PROP-00120,RTC_BASELINE,2025-04-21,RTC,Owner_H,5.5,73/3,3,,,,,,,,,,,
EVT-000442,PROP-00120,SALE_REGISTERED,2025-11-17,Registration,,,,,REG-14-01-003,Owner_H,Owner_A,6.5,,,,,,,
EVT-000443,PROP-00120,MUTATION_UPDATED,2025-11-19,Mutation,,,,,,,,,MR-14-01-003,Owner_H,Owner_A,,,,
EVT-000444,PROP-00120,EXTENT_CHANGED,2025-11-19,Mutation,,,,,,,,,,,,5.5,6.5,,
EVT-000445,PROP-00121,RTC_BASELINE,2025-04-25,RTC,Owner_G,5.0,74/1,1,,,,,,,,,,,
EVT-000446,PROP-00121,SALE_REGISTERED,2025-11-21,Registration,,,,,REG-14-02-001,Owner_G,Owner_C,5.0,,,,,,,
EVT-000447,PROP-00121,MUTATION_UPDATED,2025-11-23,Mutation,,,,,,,,,MR-14-02-001,Owner_G,Owner_D,,,,
EVT-000448,PROP-00122,RTC_BASELINE,2025-04-29,RTC,Owner_H,5.5,75/2,2,,,,,,,,,,,
EVT-000449,PROP-00122,SALE_REGISTERED,2025-11-25,Registration,,,,,REG-14-02-002,Owner_H,Owner_A,6.5,,,,,,,
EVT-000450,PROP-00122,MUTATION_UPDATED,2025-11-27,Mutation,,,,,,,,,MR-14-02-002,Owner_H,Owner_A,,,,
EVT-000451,PROP-00122,EXTENT_CHANGED,2025-11-27,Mutation,,,,,,,,,,,,5.5,6.5,,
EVT-000452,PROP-00123,RTC_BASELINE,2025-05-03,RTC,Owner_A,6.0,76/3,3,,,,,,,,,,,
EVT-000453,PROP-00123,SALE_REGISTERED,2025-11-29,Registration,,,,,REG-14-02-003,Owner_A,Owner_B,6.0,,,,,,,
EVT-000454,PROP-00123,MUTATION_UPDATED,2025-12-01,Mutation,,,,,,,,,MR-14-02-003,Owner_A,Owner_B,,,,
EVT-000455,PROP-00124,RTC_BASELINE,2025-05-07,RTC,Owner_H,5.5,77/1,1,,,,,,,,,,,
EVT-000456,PROP-00124,SALE_REGISTERED,2025-12-03,Registration,,,,,REG-14-03-001,Owner_H,Owner_A,6.5,,,,,,,
EVT-000457,PROP-00124,MUTATION_UPDATED,2025-12-05,Mutation,,,,,,,,,MR-14-03-001,Owner_H,Owner_A,,,,
EVT-000458,PROP-00124,EXTENT_CHANGED,2025-12-05,Mutation,,,,,,,,,,,,5.5,6.5,,
EVT-000459,PROP-00125,RTC_BASELINE,2025-05-11,RTC,Owner_A,6.0,78/2,2,,,,,,,,,,,
EVT-000460,PROP-00125,SALE_REGISTERED,2025-12-07,Registration,,,,,REG-14-03-002,Owner_A,Owner_B,6.0,,,,,,,
EVT-000461,PROP-00125,MUTATION_UPDATED,2025-12-09,Mutation,,,,,,,,,MR-14-03-002,Owner_A,Owner_B,,,,
EVT-000462,PROP-00126,RTC_BASELINE,2025-05-15,RTC,Owner_B,1.5,79/3,3,,,,,,,,,,,
EVT-000463,PROP-00126,SALE_REGISTERED,2025-12-11,Registration,,,,,REG-14-03-003,Owner_B,Owner_C,1.5,,,,,,,
EVT-000464,PROP-00126,MUTATION_UPDATED,2025-12-13,Mutation,,,,,,,,,MR-14-03-003,Owner_B,Owner_C,,,,
EVT-000465,PROP-00127,RTC_BASELINE,2025-05-19,RTC,Owner_G,5.5,78/1,1,,,,,,,,,,,
EVT-000466,PROP-00127,SALE_REGISTERED,2025-12-15,Registration,,,,,REG-15-01-001,Owner_G,Owner_H,5.5,,,,,,,
EVT-000467,PROP-00127,MUTATION_UPDATED,2025-12-17,Mutation,,,,,,,,,MR-15-01-001,Owner_G,Owner_H,,,,
EVT-000468,PROP-00128,RTC_BASELINE,2025-05-23,RTC,Owner_H,6.0,79/2,2,,,,,,,,,,,
EVT-000469,PROP-00128,SALE_REGISTERED,2025-12-19,Registration,,,,,REG-15-01-002,Owner_H,Owner_A,6.0,,,,,,,
EVT-000470,PROP-00128,MUTATION_UPDATED,2025-12-21,Mutation,,,,,,,,,MR-15-01-002,Owner_H,Owner_A,,,,
EVT-000471,PROP-00129,RTC_BASELINE,2025-05-27,RTC,Owner_A,1.5,80/3,3,,,,,,,,,,,
EVT-000472,PROP-00129,MORTGAGE_REGISTERED,2025-06-26,Mortgage,,,,,,,,,,,,,,MTG-00130,Lender_A
EVT-000473,PROP-00129,MORTGAGE_RELEASED,2025-12-23,Mortgage,,,,,,,,,,,,,,MTG-00130,
EVT-000474,PROP-00129,SALE_REGISTERED,2025-12-23,Registration,,,,,REG-15-01-003,Owner_A,Owner_B,1.5,,,,,,,
EVT-000475,PROP-00129,MUTATION_UPDATED,2025-12-25,Mutation,,,,,,,,,MR-15-01-003,Owner_A,Owner_B,,,,
EVT-000476,PROP-00130,RTC_BASELINE,2025-05-31,RTC,Owner_H,6.0,81/1,1,,,,,,,,,,,
EVT-000477,PROP-00130,SALE_REGISTERED,2025-12-27,Registration,,,,,REG-15-02-001,Owner_H,Owner_A,6.0,,,,,,,
EVT-000478,PROP-00130,MUTATION_UPDATED,2025-12-29,Mutation,,,,,,,,,MR-15-02-001,Owner_H,Owner_A,,,,
EVT-000479,PROP-00131,RTC_BASELINE,2025-06-04,RTC,Owner_A,1.5,82/2,2,,,,,,,,,,,
EVT-000480,PROP-00131,MORTGAGE_REGISTERED,2025-07-04,Mortgage,,,,,,,,,,,,,,MTG-00132,Lender_A
EVT-000481,PROP-00131,MORTGAGE_RELEASED,2025-12-31,Mortgage,,,,,,,,,,,,,,MTG-00132,
EVT-000482,PROP-00131,SALE_REGISTERED,2025-12-31,Registration,,,,,REG-15-02-002,Owner_A,Owner_B,1.5,,,,,,,
EVT-000483,PROP-00131,MUTATION_UPDATED,2026-01-02,Mutation,,,,,,,,,MR-15-02-002,Owner_A,Owner_B,,,,
EVT-000484,PROP-00132,RTC_BASELINE,2025-06-08,RTC,Owner_B,2.0,83/3,3,,,,,,,,,,,
EVT-000485,PROP-00132,MORTGAGE_REGISTERED,2025-07-08,Mortgage,,,,,,,,,,,,,,MTG-00133,Lender_A
EVT-000486,PROP-00132,MORTGAGE_RELEASED,2026-01-04,Mortgage,,,,,,,,,,,,,,MTG-00133,
EVT-000487,PROP-00132,SALE_REGISTERED,2026-01-04,Registration,,,,,REG-15-02-003,Owner_B,Owner_C,2.0,,,,,,,
EVT-000488,PROP-00132,MUTATION_UPDATED,2026-01-06,Mutation,,,,,,,,,MR-15-02-003,Owner_B,Owner_C,,,,
EVT-000489,PROP-00133,RTC_BASELINE,2025-06-12,RTC,Owner_A,1.5,84/1,1,,,,,,,,,,,
EVT-000490,PROP-00133,MORTGAGE_REGISTERED,2025-07-12,Mortgage,,,,,,,,,,,,,,MTG-00134,Lender_A
EVT-000491,PROP-00133,MORTGAGE_RELEASED,2026-01-08,Mortgage,,,,,,,,,,,,,,MTG-00134,
EVT-000492,PROP-00133,SALE_REGISTERED,2026-01-08,Registration,,,,,REG-15-03-001,Owner_A,Owner_B,1.5,,,,,,,
EVT-000493,PROP-00133,MUTATION_UPDATED,2026-01-10,Mutation,,,,,,,,,MR-15-03-001,Owner_A,Owner_B,,,,
EVT-000494,PROP-00134,RTC_BASELINE,2025-06-16,RTC,Owner_B,2.0,85/2,2,,,,,,,,,,,
EVT-000495,PROP-00134,MORTGAGE_REGISTERED,2025-07-16,Mortgage,,,,,,,,,,,,,,MTG-00135,Lender_A
EVT-000496,PROP-00134,MORTGAGE_RELEASED,2026-01-12,Mortgage,,,,,,,,,,,,,,MTG-00135,
EVT-000497,PROP-00134,SALE_REGISTERED,2026-01-12,Registration,,,,,REG-15-03-002,Owner_B,Owner_C,2.0,,,,,,,
EVT-000498,PROP-00134,MUTATION_UPDATED,2026-01-14,Mutation,,,,,,,,,MR-15-03-002,Owner_B,Owner_C,,,,
EVT-000499,PROP-00135,RTC_BASELINE,2025-06-20,RTC,Owner_C,2.5,86/3,3,,,,,,,,,,,
EVT-000500,PROP-00135,MORTGAGE_REGISTERED,2025-07-20,Mortgage,,,,,,,,,,,,,,MTG-00136,Lender_A
EVT-000501,PROP-00135,MORTGAGE_RELEASED,2026-01-16,Mortgage,,,,,,,,,,,,,,MTG-00136,
EVT-000502,PROP-00135,SALE_REGISTERED,2026-01-16,Registration,,,,,REG-15-03-003,Owner_C,Owner_D,2.5,,,,,,,
EVT-000503,PROP-00135,MUTATION_UPDATED,2026-01-18,Mutation,,,,,,,,,MR-15-03-003,Owner_C,Owner_D,,,,
EVT-000504,PROP-00136,RTC_BASELINE,2025-06-24,RTC,Owner_H,1.5,85/1,1,,,,,,,,,,,
EVT-000505,PROP-00136,MORTGAGE_REGISTERED,2025-07-24,Mortgage,,,,,,,,,,,,,,MTG-00137,Lender_A
EVT-000506,PROP-00136,MORTGAGE_RELEASED,2026-01-20,Mortgage,,,,,,,,,,,,,,MTG-00137,
EVT-000507,PROP-00136,SALE_REGISTERED,2026-01-20,Registration,,,,,REG-16-01-001,Owner_H,Owner_A,1.5,,,,,,,
EVT-000508,PROP-00136,MUTATION_UPDATED,2026-01-22,Mutation,,,,,,,,,MR-16-01-001,Owner_H,Owner_A,,,,
EVT-000509,PROP-00137,RTC_BASELINE,2025-06-28,RTC,Owner_A,2.0,86/2,2,,,,,,,,,,,
EVT-000510,PROP-00137,MORTGAGE_REGISTERED,2025-07-28,Mortgage,,,,,,,,,,,,,,MTG-00138,Lender_A
EVT-000511,PROP-00137,MORTGAGE_RELEASED,2026-01-24,Mortgage,,,,,,,,,,,,,,MTG-00138,
EVT-000512,PROP-00137,SALE_REGISTERED,2026-01-24,Registration,,,,,REG-16-01-002,Owner_A,Owner_B,2.0,,,,,,,
EVT-000513,PROP-00137,MUTATION_UPDATED,2026-01-26,Mutation,,,,,,,,,MR-16-01-002,Owner_A,Owner_B,,,,
EVT-000514,PROP-00138,RTC_BASELINE,2025-07-02,RTC,Owner_B,2.5,87/3,3,,,,,,,,,,,
EVT-000515,PROP-00138,SALE_REGISTERED,2026-01-28,Registration,,,,,REG-16-01-003,Owner_B,Owner_C,2.5,,,,,,,
EVT-000516,PROP-00138,MUTATION_UPDATED,2026-01-30,Mutation,,,,,,,,,MR-16-01-003,Owner_B,Owner_C,,,,
EVT-000517,PROP-00139,RTC_BASELINE,2025-07-06,RTC,Owner_A,2.0,88/1,1,,,,,,,,,,,
EVT-000518,PROP-00139,MORTGAGE_REGISTERED,2025-08-05,Mortgage,,,,,,,,,,,,,,MTG-00140,Lender_A
EVT-000519,PROP-00139,MORTGAGE_RELEASED,2026-02-01,Mortgage,,,,,,,,,,,,,,MTG-00140,
EVT-000520,PROP-00139,SALE_REGISTERED,2026-02-01,Registration,,,,,REG-16-02-001,Owner_A,Owner_B,2.0,,,,,,,
EVT-000521,PROP-00139,MUTATION_UPDATED,2026-02-03,Mutation,,,,,,,,,MR-16-02-001,Owner_A,Owner_B,,,,
EVT-000522,PROP-00140,RTC_BASELINE,2025-07-10,RTC,Owner_B,2.5,89/2,2,,,,,,,,,,,
EVT-000523,PROP-00140,SALE_REGISTERED,2026-02-05,Registration,,,,,REG-16-02-002,Owner_B,Owner_C,2.5,,,,,,,
EVT-000524,PROP-00140,MUTATION_UPDATED,2026-02-07,Mutation,,,,,,,,,MR-16-02-002,Owner_B,Owner_C,,,,
EVT-000525,PROP-00141,RTC_BASELINE,2025-07-14,RTC,Owner_C,3.0,90/3,3,,,,,,,,,,,
EVT-000526,PROP-00141,SALE_REGISTERED,2026-02-09,Registration,,,,,REG-16-02-003,Owner_C,Owner_D,3.0,,,,,,,
EVT-000527,PROP-00141,MUTATION_UPDATED,2026-02-11,Mutation,,,,,,,,,MR-16-02-003,Owner_C,Owner_D,,,,
EVT-000528,PROP-00142,RTC_BASELINE,2025-07-18,RTC,Owner_B,2.5,91/1,1,,,,,,,,,,,
EVT-000529,PROP-00142,SALE_REGISTERED,2026-02-13,Registration,,,,,REG-16-03-001,Owner_B,Owner_C,2.5,,,,,,,
EVT-000530,PROP-00142,MUTATION_UPDATED,2026-02-15,Mutation,,,,,,,,,MR-16-03-001,Owner_B,Owner_C,,,,
EVT-000531,PROP-00143,RTC_BASELINE,2025-07-22,RTC,Owner_C,3.0,92/2,2,,,,,,,,,,,
EVT-000532,PROP-00143,SALE_REGISTERED,2026-02-17,Registration,,,,,REG-16-03-002,Owner_C,Owner_D,3.0,,,,,,,
EVT-000533,PROP-00143,MUTATION_UPDATED,2026-02-19,Mutation,,,,,,,,,MR-16-03-002,Owner_C,Owner_D,,,,
EVT-000534,PROP-00144,RTC_BASELINE,2025-07-26,RTC,Owner_D,3.5,93/3,3,,,,,,,,,,,
EVT-000535,PROP-00144,SALE_REGISTERED,2026-02-21,Registration,,,,,REG-16-03-003,Owner_D,Owner_E,3.5,,,,,,,
EVT-000536,PROP-00144,MUTATION_UPDATED,2026-02-23,Mutation,,,,,,,,,MR-16-03-003,Owner_D,Owner_E,,,,
EVT-000537,PROP-00145,RTC_BASELINE,2025-07-30,RTC,Owner_A,2.5,92/1,1,,,,,,,,,,,
EVT-000538,PROP-00145,SALE_REGISTERED,2026-02-25,Registration,,,,,REG-17-01-001,Owner_A,Owner_B,2.5,,,,,,,
EVT-000539,PROP-00145,MUTATION_UPDATED,2026-02-27,Mutation,,,,,,,,,MR-17-01-001,Owner_A,Owner_B,,,,
EVT-000540,PROP-00146,RTC_BASELINE,2025-08-03,RTC,Owner_B,3.0,93/2,2,,,,,,,,,,,
EVT-000541,PROP-00146,SALE_REGISTERED,2026-03-01,Registration,,,,,REG-17-01-002,Owner_B,Owner_C,3.0,,,,,,,
EVT-000542,PROP-00146,MUTATION_UPDATED,2026-03-03,Mutation,,,,,,,,,MR-17-01-002,Owner_B,Owner_C,,,,
EVT-000543,PROP-00147,RTC_BASELINE,2025-08-07,RTC,Owner_C,3.5,94/3,3,,,,,,,,,,,
EVT-000544,PROP-00147,SALE_REGISTERED,2026-03-05,Registration,,,,,REG-17-01-003,Owner_C,Owner_C,3.5,,,,,,,
EVT-000545,PROP-00147,MUTATION_UPDATED,2026-03-07,Mutation,,,,,,,,,MR-17-01-003,Owner_C,Owner_D,,,,
EVT-000546,PROP-00148,RTC_BASELINE,2025-08-11,RTC,Owner_B,3.0,95/1,1,,,,,,,,,,,
EVT-000547,PROP-00148,SALE_REGISTERED,2026-03-09,Registration,,,,,REG-17-02-001,Owner_B,Owner_C,3.0,,,,,,,
EVT-000548,PROP-00148,MUTATION_UPDATED,2026-03-11,Mutation,,,,,,,,,MR-17-02-001,Owner_B,Owner_C,,,,
EVT-000549,PROP-00149,RTC_BASELINE,2025-08-15,RTC,Owner_C,3.5,96/2,2,,,,,,,,,,,
EVT-000550,PROP-00149,SALE_REGISTERED,2026-03-13,Registration,,,,,REG-17-02-002,Owner_C,Owner_C,3.5,,,,,,,
EVT-000551,PROP-00149,MUTATION_UPDATED,2026-03-15,Mutation,,,,,,,,,MR-17-02-002,Owner_C,Owner_D,,,,
EVT-000552,PROP-00150,RTC_BASELINE,2025-08-19,RTC,Owner_D,4.0,97/3,3,,,,,,,,,,,
EVT-000553,PROP-00150,SALE_REGISTERED,2026-03-17,Registration,,,,,REG-17-02-003,Owner_D,Owner_E,5.0,,,,,,,
EVT-000554,PROP-00150,MUTATION_UPDATED,2026-03-19,Mutation,,,,,,,,,MR-17-02-003,Owner_D,Owner_E,,,,
EVT-000555,PROP-00150,EXTENT_CHANGED,2026-03-19,Mutation,,,,,,,,,,,,4.0,5.0,,
EVT-000556,PROP-00151,RTC_BASELINE,2025-08-23,RTC,Owner_C,3.5,98/1,1,,,,,,,,,,,
EVT-000557,PROP-00151,SALE_REGISTERED,2026-03-21,Registration,,,,,REG-17-03-001,Owner_C,Owner_C,3.5,,,,,,,
EVT-000558,PROP-00151,MUTATION_UPDATED,2026-03-23,Mutation,,,,,,,,,MR-17-03-001,Owner_C,Owner_D,,,,
EVT-000559,PROP-00152,RTC_BASELINE,2025-08-27,RTC,Owner_D,4.0,99/2,2,,,,,,,,,,,
EVT-000560,PROP-00152,SALE_REGISTERED,2026-03-25,Registration,,,,,REG-17-03-002,Owner_D,Owner_E,5.0,,,,,,,
EVT-000561,PROP-00152,MUTATION_UPDATED,2026-03-27,Mutation,,,,,,,,,MR-17-03-002,Owner_D,Owner_E,,,,
EVT-000562,PROP-00152,EXTENT_CHANGED,2026-03-27,Mutation,,,,,,,,,,,,4.0,5.0,,
EVT-000563,PROP-00153,RTC_BASELINE,2025-08-31,RTC,Owner_E,4.5,40/3,3,,,,,,,,,,,
EVT-000564,PROP-00153,SALE_REGISTERED,2026-03-29,Registration,,,,,REG-17-03-003,Owner_E,Owner_F,4.5,,,,,,,
EVT-000565,PROP-00153,MUTATION_UPDATED,2026-03-31,Mutation,,,,,,,,,MR-17-03-003,Owner_E,Owner_F,,,,
EVT-000566,PROP-00154,RTC_BASELINE,2025-09-04,RTC,Owner_B,3.5,99/1,1,,,,,,,,,,,
EVT-000567,PROP-00154,SALE_REGISTERED,2026-04-02,Registration,,,,,REG-18-01-001,Owner_B,Owner_C,4.5,,,,,,,
EVT-000568,PROP-00154,MUTATION_UPDATED,2026-04-04,Mutation,,,,,,,,,MR-18-01-001,Owner_B,Owner_C,,,,
EVT-000569,PROP-00154,EXTENT_CHANGED,2026-04-04,Mutation,,,,,,,,,,,,3.5,4.5,,
EVT-000570,PROP-00155,RTC_BASELINE,2025-09-08,RTC,Owner_C,4.0,40/2,2,,,,,,,,,,,
EVT-000571,PROP-00155,SALE_REGISTERED,2026-04-06,Registration,,,,,REG-18-01-002,Owner_C,Owner_D,4.0,,,,,,,
EVT-000572,PROP-00155,MUTATION_UPDATED,2026-04-08,Mutation,,,,,,,,,MR-18-01-002,Owner_C,Owner_D,,,,
EVT-000573,PROP-00156,RTC_BASELINE,2025-09-12,RTC,Owner_D,4.5,41/3,3,,,,,,,,,,,
EVT-000574,PROP-00156,SALE_REGISTERED,2026-04-10,Registration,,,,,REG-18-01-003,Owner_D,Owner_E,4.5,,,,,,,
EVT-000575,PROP-00156,MUTATION_UPDATED,2026-04-12,Mutation,,,,,,,,,MR-18-01-003,Owner_D,Owner_E,,,,
EVT-000576,PROP-00157,RTC_BASELINE,2025-09-16,RTC,Owner_C,4.0,42/1,1,,,,,,,,,,,
EVT-000577,PROP-00157,SALE_REGISTERED,2026-04-14,Registration,,,,,REG-18-02-001,Owner_C,Owner_D,4.0,,,,,,,
EVT-000578,PROP-00157,MUTATION_UPDATED,2026-04-16,Mutation,,,,,,,,,MR-18-02-001,Owner_C,Owner_D,,,,
EVT-000579,PROP-00158,RTC_BASELINE,2025-09-20,RTC,Owner_D,4.5,43/2,2,,,,,,,,,,,
EVT-000580,PROP-00158,SALE_REGISTERED,2026-04-18,Registration,,,,,REG-18-02-002,Owner_D,Owner_E,4.5,,,,,,,
EVT-000581,PROP-00158,MUTATION_UPDATED,2026-04-20,Mutation,,,,,,,,,MR-18-02-002,Owner_D,Owner_E,,,,
EVT-000582,PROP-00159,RTC_BASELINE,2025-09-24,RTC,Owner_E,5.0,44/3,3,,,,,,,,,,,
EVT-000583,PROP-00159,MORTGAGE_REGISTERED,2025-10-24,Mortgage,,,,,,,,,,,,,,MTG-00160,Lender_A
EVT-000584,PROP-00159,MORTGAGE_RELEASED,2026-04-22,Mortgage,,,,,,,,,,,,,,MTG-00160,
EVT-000585,PROP-00159,SALE_REGISTERED,2026-04-22,Registration,,,,,REG-18-02-003,Owner_E,Owner_F,5.0,,,,,,,
EVT-000586,PROP-00159,MUTATION_UPDATED,2026-04-24,Mutation,,,,,,,,,MR-18-02-003,Owner_E,Owner_F,,,,
EVT-000587,PROP-00160,RTC_BASELINE,2025-09-28,RTC,Owner_D,4.5,45/1,1,,,,,,,,,,,
EVT-000588,PROP-00160,SALE_REGISTERED,2026-04-26,Registration,,,,,REG-18-03-001,Owner_D,Owner_E,4.5,,,,,,,
EVT-000589,PROP-00160,MUTATION_UPDATED,2026-04-28,Mutation,,,,,,,,,MR-18-03-001,Owner_D,Owner_E,,,,
EVT-000590,PROP-00161,RTC_BASELINE,2025-10-02,RTC,Owner_E,5.0,46/2,2,,,,,,,,,,,
EVT-000591,PROP-00161,MORTGAGE_REGISTERED,2025-11-01,Mortgage,,,,,,,,,,,,,,MTG-00162,Lender_A
EVT-000592,PROP-00161,MORTGAGE_RELEASED,2026-04-30,Mortgage,,,,,,,,,,,,,,MTG-00162,
EVT-000593,PROP-00161,SALE_REGISTERED,2026-04-30,Registration,,,,,REG-18-03-002,Owner_E,Owner_F,5.0,,,,,,,
EVT-000594,PROP-00161,MUTATION_UPDATED,2026-05-02,Mutation,,,,,,,,,MR-18-03-002,Owner_E,Owner_F,,,,
EVT-000595,PROP-00162,RTC_BASELINE,2025-10-06,RTC,Owner_F,5.5,47/3,3,,,,,,,,,,,
EVT-000596,PROP-00162,MORTGAGE_REGISTERED,2025-11-05,Mortgage,,,,,,,,,,,,,,MTG-00163,Lender_A
EVT-000597,PROP-00162,MORTGAGE_RELEASED,2026-05-04,Mortgage,,,,,,,,,,,,,,MTG-00163,
EVT-000598,PROP-00162,SALE_REGISTERED,2026-05-04,Registration,,,,,REG-18-03-003,Owner_F,Owner_G,5.5,,,,,,,
EVT-000599,PROP-00162,MUTATION_UPDATED,2026-05-06,Mutation,,,,,,,,,MR-18-03-003,Owner_F,Owner_G,,,,
EVT-000600,PROP-00163,RTC_BASELINE,2025-10-10,RTC,Owner_C,4.5,46/1,1,,,,,,,,,,,
EVT-000601,PROP-00163,MORTGAGE_REGISTERED,2025-11-09,Mortgage,,,,,,,,,,,,,,MTG-00164,Lender_A
EVT-000602,PROP-00163,MORTGAGE_RELEASED,2026-05-08,Mortgage,,,,,,,,,,,,,,MTG-00164,
EVT-000603,PROP-00163,SALE_REGISTERED,2026-05-08,Registration,,,,,REG-19-01-001,Owner_C,Owner_D,4.5,,,,,,,
EVT-000604,PROP-00163,MUTATION_UPDATED,2026-05-10,Mutation,,,,,,,,,MR-19-01-001,Owner_C,Owner_D,,,,
EVT-000605,PROP-00164,RTC_BASELINE,2025-10-14,RTC,Owner_D,5.0,47/2,2,,,,,,,,,,,
EVT-000606,PROP-00164,MORTGAGE_REGISTERED,2025-11-13,Mortgage,,,,,,,,,,,,,,MTG-00165,Lender_A
EVT-000607,PROP-00164,MORTGAGE_RELEASED,2026-05-12,Mortgage,,,,,,,,,,,,,,MTG-00165,
EVT-000608,PROP-00164,SALE_REGISTERED,2026-05-12,Registration,,,,,REG-19-01-002,Owner_D,Owner_E,5.0,,,,,,,
EVT-000609,PROP-00164,MUTATION_UPDATED,2026-05-14,Mutation,,,,,,,,,MR-19-01-002,Owner_D,Owner_E,,,,
EVT-000610,PROP-00165,RTC_BASELINE,2025-10-18,RTC,Owner_E,5.5,48/3,3,,,,,,,,,,,
EVT-000611,PROP-00165,MORTGAGE_REGISTERED,2025-11-17,Mortgage,,,,,,,,,,,,,,MTG-00166,Lender_A
EVT-000612,PROP-00165,MORTGAGE_RELEASED,2026-05-16,Mortgage,,,,,,,,,,,,,,MTG-00166,
EVT-000613,PROP-00165,SALE_REGISTERED,2026-05-16,Registration,,,,,REG-19-01-003,Owner_E,Owner_F,5.5,,,,,,,
EVT-000614,PROP-00165,MUTATION_UPDATED,2026-05-18,Mutation,,,,,,,,,MR-19-01-003,Owner_E,Owner_F,,,,
EVT-000615,PROP-00166,RTC_BASELINE,2025-10-22,RTC,Owner_D,5.0,49/1,1,,,,,,,,,,,
EVT-000616,PROP-00166,MORTGAGE_REGISTERED,2025-11-21,Mortgage,,,,,,,,,,,,,,MTG-00167,Lender_A
EVT-000617,PROP-00166,MORTGAGE_RELEASED,2026-05-20,Mortgage,,,,,,,,,,,,,,MTG-00167,
EVT-000618,PROP-00166,SALE_REGISTERED,2026-05-20,Registration,,,,,REG-19-02-001,Owner_D,Owner_E,5.0,,,,,,,
EVT-000619,PROP-00166,MUTATION_UPDATED,2026-05-22,Mutation,,,,,,,,,MR-19-02-001,Owner_D,Owner_E,,,,
EVT-000620,PROP-00167,RTC_BASELINE,2025-10-26,RTC,Owner_E,5.5,50/2,2,,,,,,,,,,,
EVT-000621,PROP-00167,MORTGAGE_REGISTERED,2025-11-25,Mortgage,,,,,,,,,,,,,,MTG-00168,Lender_A
EVT-000622,PROP-00167,MORTGAGE_RELEASED,2026-05-24,Mortgage,,,,,,,,,,,,,,MTG-00168,
EVT-000623,PROP-00167,SALE_REGISTERED,2026-05-24,Registration,,,,,REG-19-02-002,Owner_E,Owner_F,5.5,,,,,,,
EVT-000624,PROP-00167,MUTATION_UPDATED,2026-05-26,Mutation,,,,,,,,,MR-19-02-002,Owner_E,Owner_F,,,,
EVT-000625,PROP-00168,RTC_BASELINE,2025-10-30,RTC,Owner_F,6.0,51/3,3,,,,,,,,,,,
EVT-000626,PROP-00168,SALE_REGISTERED,2026-05-28,Registration,,,,,REG-19-02-003,Owner_F,Owner_G,6.0,,,,,,,
EVT-000627,PROP-00168,MUTATION_UPDATED,2026-05-30,Mutation,,,,,,,,,MR-19-02-003,Owner_F,Owner_G,,,,
EVT-000628,PROP-00169,RTC_BASELINE,2025-11-03,RTC,Owner_E,5.5,52/1,1,,,,,,,,,,,
EVT-000629,PROP-00169,MORTGAGE_REGISTERED,2025-12-03,Mortgage,,,,,,,,,,,,,,MTG-00170,Lender_A
EVT-000630,PROP-00169,MORTGAGE_RELEASED,2026-06-01,Mortgage,,,,,,,,,,,,,,MTG-00170,
EVT-000631,PROP-00169,SALE_REGISTERED,2026-06-01,Registration,,,,,REG-19-03-001,Owner_E,Owner_F,5.5,,,,,,,
EVT-000632,PROP-00169,MUTATION_UPDATED,2026-06-03,Mutation,,,,,,,,,MR-19-03-001,Owner_E,Owner_F,,,,
EVT-000633,PROP-00170,RTC_BASELINE,2025-11-07,RTC,Owner_F,6.0,53/2,2,,,,,,,,,,,
EVT-000634,PROP-00170,SALE_REGISTERED,2026-06-05,Registration,,,,,REG-19-03-002,Owner_F,Owner_G,6.0,,,,,,,
EVT-000635,PROP-00170,MUTATION_UPDATED,2026-06-07,Mutation,,,,,,,,,MR-19-03-002,Owner_F,Owner_G,,,,
EVT-000636,PROP-00171,RTC_BASELINE,2025-11-11,RTC,Owner_G,1.5,54/3,3,,,,,,,,,,,
EVT-000637,PROP-00171,SALE_REGISTERED,2026-06-09,Registration,,,,,REG-19-03-003,Owner_G,Owner_H,1.5,,,,,,,
EVT-000638,PROP-00171,MUTATION_UPDATED,2026-06-11,Mutation,,,,,,,,,MR-19-03-003,Owner_G,Owner_H,,,,
EVT-000639,PROP-00172,RTC_BASELINE,2025-11-15,RTC,Owner_D,5.5,53/1,1,,,,,,,,,,,
EVT-000640,PROP-00172,SALE_REGISTERED,2026-06-13,Registration,,,,,REG-20-01-001,Owner_D,Owner_E,5.5,,,,,,,
EVT-000641,PROP-00172,MUTATION_UPDATED,2026-06-15,Mutation,,,,,,,,,MR-20-01-001,Owner_D,Owner_E,,,,
EVT-000642,PROP-00173,RTC_BASELINE,2025-11-19,RTC,Owner_E,6.0,54/2,2,,,,,,,,,,,
EVT-000643,PROP-00173,SALE_REGISTERED,2026-06-17,Registration,,,,,REG-20-01-002,Owner_E,Owner_F,6.0,,,,,,,
EVT-000644,PROP-00173,MUTATION_UPDATED,2026-06-19,Mutation,,,,,,,,,MR-20-01-002,Owner_E,Owner_F,,,,
EVT-000645,PROP-00174,RTC_BASELINE,2025-11-23,RTC,Owner_F,1.5,55/3,3,,,,,,,,,,,
EVT-000646,PROP-00174,SALE_REGISTERED,2026-06-21,Registration,,,,,REG-20-01-003,Owner_F,Owner_G,1.5,,,,,,,
EVT-000647,PROP-00174,MUTATION_UPDATED,2026-06-23,Mutation,,,,,,,,,MR-20-01-003,Owner_F,Owner_G,,,,
EVT-000648,PROP-00175,RTC_BASELINE,2025-11-27,RTC,Owner_E,6.0,56/1,1,,,,,,,,,,,
EVT-000649,PROP-00175,SALE_REGISTERED,2026-06-25,Registration,,,,,REG-20-02-001,Owner_E,Owner_F,6.0,,,,,,,
EVT-000650,PROP-00175,MUTATION_UPDATED,2026-06-27,Mutation,,,,,,,,,MR-20-02-001,Owner_E,Owner_F,,,,
EVT-000651,PROP-00176,RTC_BASELINE,2025-12-01,RTC,Owner_F,1.5,57/2,2,,,,,,,,,,,
EVT-000652,PROP-00176,SALE_REGISTERED,2026-06-29,Registration,,,,,REG-20-02-002,Owner_F,Owner_G,1.5,,,,,,,
EVT-000653,PROP-00176,MUTATION_UPDATED,2026-07-01,Mutation,,,,,,,,,MR-20-02-002,Owner_F,Owner_G,,,,
EVT-000654,PROP-00177,RTC_BASELINE,2025-12-05,RTC,Owner_G,2.0,58/3,3,,,,,,,,,,,
EVT-000655,PROP-00177,SALE_REGISTERED,2026-07-03,Registration,,,,,REG-20-02-003,Owner_G,Owner_C,2.0,,,,,,,
EVT-000656,PROP-00177,MUTATION_UPDATED,2026-07-05,Mutation,,,,,,,,,MR-20-02-003,Owner_G,Owner_D,,,,
EVT-000657,PROP-00178,RTC_BASELINE,2025-12-09,RTC,Owner_F,1.5,59/1,1,,,,,,,,,,,
EVT-000658,PROP-00178,SALE_REGISTERED,2026-07-07,Registration,,,,,REG-20-03-001,Owner_F,Owner_G,1.5,,,,,,,
EVT-000659,PROP-00178,MUTATION_UPDATED,2026-07-09,Mutation,,,,,,,,,MR-20-03-001,Owner_F,Owner_G,,,,
EVT-000660,PROP-00179,RTC_BASELINE,2025-12-13,RTC,Owner_G,2.0,60/2,2,,,,,,,,,,,
EVT-000661,PROP-00179,SALE_REGISTERED,2026-07-11,Registration,,,,,REG-20-03-002,Owner_G,Owner_C,2.0,,,,,,,
EVT-000662,PROP-00179,MUTATION_UPDATED,2026-07-13,Mutation,,,,,,,,,MR-20-03-002,Owner_G,Owner_D,,,,
EVT-000663,PROP-00180,RTC_BASELINE,2025-12-17,RTC,Owner_H,2.5,61/3,3,,,,,,,,,,,
EVT-000664,PROP-00180,SALE_REGISTERED,2026-07-15,Registration,,,,,REG-20-03-003,Owner_H,Owner_A,3.5,,,,,,,
EVT-000665,PROP-00180,MUTATION_UPDATED,2026-07-17,Mutation,,,,,,,,,MR-20-03-003,Owner_H,Owner_A,,,,
EVT-000666,PROP-00180,EXTENT_CHANGED,2026-07-17,Mutation,,,,,,,,,,,,2.5,3.5,,
EVT-000667,PROP-00181,RTC_BASELINE,2025-12-21,RTC,Owner_E,1.5,60/1,1,,,,,,,,,,,
EVT-000668,PROP-00181,SALE_REGISTERED,2026-07-19,Registration,,,,,REG-21-01-001,Owner_E,Owner_C,1.5,,,,,,,
EVT-000669,PROP-00181,MUTATION_UPDATED,2026-07-21,Mutation,,,,,,,,,MR-21-01-001,Owner_E,Owner_D,,,,
EVT-000670,PROP-00182,RTC_BASELINE,2025-12-25,RTC,Owner_F,2.0,61/2,2,,,,,,,,,,,
EVT-000671,PROP-00182,SALE_REGISTERED,2026-07-23,Registration,,,,,REG-21-01-002,Owner_F,Owner_G,3.0,,,,,,,
EVT-000672,PROP-00182,MUTATION_UPDATED,2026-07-25,Mutation,,,,,,,,,MR-21-01-002,Owner_F,Owner_G,,,,
EVT-000673,PROP-00182,EXTENT_CHANGED,2026-07-25,Mutation,,,,,,,,,,,,2.0,3.0,,
EVT-000674,PROP-00183,RTC_BASELINE,2025-12-29,RTC,Owner_G,2.5,62/3,3,,,,,,,,,,,
EVT-000675,PROP-00183,SALE_REGISTERED,2026-07-27,Registration,,,,,REG-21-01-003,Owner_G,Owner_H,2.5,,,,,,,
EVT-000676,PROP-00183,MUTATION_UPDATED,2026-07-29,Mutation,,,,,,,,,MR-21-01-003,Owner_G,Owner_H,,,,
EVT-000677,PROP-00184,RTC_BASELINE,2026-01-02,RTC,Owner_F,2.0,63/1,1,,,,,,,,,,,
EVT-000678,PROP-00184,SALE_REGISTERED,2026-07-31,Registration,,,,,REG-21-02-001,Owner_F,Owner_G,3.0,,,,,,,
EVT-000679,PROP-00184,MUTATION_UPDATED,2026-08-02,Mutation,,,,,,,,,MR-21-02-001,Owner_F,Owner_G,,,,
EVT-000680,PROP-00184,EXTENT_CHANGED,2026-08-02,Mutation,,,,,,,,,,,,2.0,3.0,,
EVT-000681,PROP-00185,RTC_BASELINE,2026-01-06,RTC,Owner_G,2.5,64/2,2,,,,,,,,,,,
EVT-000682,PROP-00185,SALE_REGISTERED,2026-08-04,Registration,,,,,REG-21-02-002,Owner_G,Owner_H,2.5,,,,,,,
EVT-000683,PROP-00185,MUTATION_UPDATED,2026-08-06,Mutation,,,,,,,,,MR-21-02-002,Owner_G,Owner_H,,,,
EVT-000684,PROP-00186,RTC_BASELINE,2026-01-10,RTC,Owner_H,3.0,65/3,3,,,,,,,,,,,
EVT-000685,PROP-00186,SALE_REGISTERED,2026-08-08,Registration,,,,,REG-21-02-003,Owner_H,Owner_A,3.0,,,,,,,
EVT-000686,PROP-00186,MUTATION_UPDATED,2026-08-10,Mutation,,,,,,,,,MR-21-02-003,Owner_H,Owner_A,,,,
EVT-000687,PROP-00187,RTC_BASELINE,2026-01-14,RTC,Owner_G,2.5,66/1,1,,,,,,,,,,,
EVT-000688,PROP-00187,SALE_REGISTERED,2026-08-12,Registration,,,,,REG-21-03-001,Owner_G,Owner_H,2.5,,,,,,,
EVT-000689,PROP-00187,MUTATION_UPDATED,2026-08-14,Mutation,,,,,,,,,MR-21-03-001,Owner_G,Owner_H,,,,
EVT-000690,PROP-00188,RTC_BASELINE,2026-01-18,RTC,Owner_H,3.0,67/2,2,,,,,,,,,,,
EVT-000691,PROP-00188,SALE_REGISTERED,2026-08-16,Registration,,,,,REG-21-03-002,Owner_H,Owner_A,3.0,,,,,,,
EVT-000692,PROP-00188,MUTATION_UPDATED,2026-08-18,Mutation,,,,,,,,,MR-21-03-002,Owner_H,Owner_A,,,,
EVT-000693,PROP-00189,RTC_BASELINE,2026-01-22,RTC,Owner_A,3.5,68/3,3,,,,,,,,,,,
EVT-000694,PROP-00189,MORTGAGE_REGISTERED,2026-02-21,Mortgage,,,,,,,,,,,,,,MTG-00190,Lender_A
EVT-000695,PROP-00189,MORTGAGE_RELEASED,2026-08-20,Mortgage,,,,,,,,,,,,,,MTG-00190,
EVT-000696,PROP-00189,SALE_REGISTERED,2026-08-20,Registration,,,,,REG-21-03-003,Owner_A,Owner_B,3.5,,,,,,,
EVT-000697,PROP-00189,MUTATION_UPDATED,2026-08-22,Mutation,,,,,,,,,MR-21-03-003,Owner_A,Owner_B,,,,
EVT-000698,PROP-00190,RTC_BASELINE,2026-01-26,RTC,Owner_F,2.5,67/1,1,,,,,,,,,,,
EVT-000699,PROP-00190,SALE_REGISTERED,2026-08-24,Registration,,,,,REG-22-01-001,Owner_F,Owner_G,2.5,,,,,,,
EVT-000700,PROP-00190,MUTATION_UPDATED,2026-08-26,Mutation,,,,,,,,,MR-22-01-001,Owner_F,Owner_G,,,,
EVT-000701,PROP-00191,RTC_BASELINE,2026-01-30,RTC,Owner_G,3.0,68/2,2,,,,,,,,,,,
EVT-000702,PROP-00191,MORTGAGE_REGISTERED,2026-03-01,Mortgage,,,,,,,,,,,,,,MTG-00192,Lender_A
EVT-000703,PROP-00191,MORTGAGE_RELEASED,2026-08-28,Mortgage,,,,,,,,,,,,,,MTG-00192,
EVT-000704,PROP-00191,SALE_REGISTERED,2026-08-28,Registration,,,,,REG-22-01-002,Owner_G,Owner_H,3.0,,,,,,,
EVT-000705,PROP-00191,MUTATION_UPDATED,2026-08-30,Mutation,,,,,,,,,MR-22-01-002,Owner_G,Owner_H,,,,
EVT-000706,PROP-00192,RTC_BASELINE,2026-02-03,RTC,Owner_H,3.5,69/3,3,,,,,,,,,,,
EVT-000707,PROP-00192,MORTGAGE_REGISTERED,2026-03-05,Mortgage,,,,,,,,,,,,,,MTG-00193,Lender_A
EVT-000708,PROP-00192,MORTGAGE_RELEASED,2026-09-01,Mortgage,,,,,,,,,,,,,,MTG-00193,
EVT-000709,PROP-00192,SALE_REGISTERED,2026-09-01,Registration,,,,,REG-22-01-003,Owner_H,Owner_A,3.5,,,,,,,
EVT-000710,PROP-00192,MUTATION_UPDATED,2026-09-03,Mutation,,,,,,,,,MR-22-01-003,Owner_H,Owner_A,,,,
EVT-000711,PROP-00193,RTC_BASELINE,2026-02-07,RTC,Owner_G,3.0,70/1,1,,,,,,,,,,,
EVT-000712,PROP-00193,MORTGAGE_REGISTERED,2026-03-09,Mortgage,,,,,,,,,,,,,,MTG-00194,Lender_A
EVT-000713,PROP-00193,MORTGAGE_RELEASED,2026-09-05,Mortgage,,,,,,,,,,,,,,MTG-00194,
EVT-000714,PROP-00193,SALE_REGISTERED,2026-09-05,Registration,,,,,REG-22-02-001,Owner_G,Owner_H,3.0,,,,,,,
EVT-000715,PROP-00193,MUTATION_UPDATED,2026-09-07,Mutation,,,,,,,,,MR-22-02-001,Owner_G,Owner_H,,,,
EVT-000716,PROP-00194,RTC_BASELINE,2026-02-11,RTC,Owner_H,3.5,71/2,2,,,,,,,,,,,
EVT-000717,PROP-00194,MORTGAGE_REGISTERED,2026-03-13,Mortgage,,,,,,,,,,,,,,MTG-00195,Lender_A
EVT-000718,PROP-00194,MORTGAGE_RELEASED,2026-09-09,Mortgage,,,,,,,,,,,,,,MTG-00195,
EVT-000719,PROP-00194,SALE_REGISTERED,2026-09-09,Registration,,,,,REG-22-02-002,Owner_H,Owner_A,3.5,,,,,,,
EVT-000720,PROP-00194,MUTATION_UPDATED,2026-09-11,Mutation,,,,,,,,,MR-22-02-002,Owner_H,Owner_A,,,,
EVT-000721,PROP-00195,RTC_BASELINE,2026-02-15,RTC,Owner_A,4.0,72/3,3,,,,,,,,,,,
EVT-000722,PROP-00195,MORTGAGE_REGISTERED,2026-03-17,Mortgage,,,,,,,,,,,,,,MTG-00196,Lender_A
EVT-000723,PROP-00195,MORTGAGE_RELEASED,2026-09-13,Mortgage,,,,,,,,,,,,,,MTG-00196,
EVT-000724,PROP-00195,SALE_REGISTERED,2026-09-13,Registration,,,,,REG-22-02-003,Owner_A,Owner_B,4.0,,,,,,,
EVT-000725,PROP-00195,MUTATION_UPDATED,2026-09-15,Mutation,,,,,,,,,MR-22-02-003,Owner_A,Owner_B,,,,
EVT-000726,PROP-00196,RTC_BASELINE,2026-02-19,RTC,Owner_H,3.5,73/1,1,,,,,,,,,,,
EVT-000727,PROP-00196,MORTGAGE_REGISTERED,2026-03-21,Mortgage,,,,,,,,,,,,,,MTG-00197,Lender_A
EVT-000728,PROP-00196,MORTGAGE_RELEASED,2026-09-17,Mortgage,,,,,,,,,,,,,,MTG-00197,
EVT-000729,PROP-00196,SALE_REGISTERED,2026-09-17,Registration,,,,,REG-22-03-001,Owner_H,Owner_A,3.5,,,,,,,
EVT-000730,PROP-00196,MUTATION_UPDATED,2026-09-19,Mutation,,,,,,,,,MR-22-03-001,Owner_H,Owner_A,,,,
EVT-000731,PROP-00197,RTC_BASELINE,2026-02-23,RTC,Owner_A,4.0,74/2,2,,,,,,,,,,,
EVT-000732,PROP-00197,MORTGAGE_REGISTERED,2026-03-25,Mortgage,,,,,,,,,,,,,,MTG-00198,Lender_A
EVT-000733,PROP-00197,MORTGAGE_RELEASED,2026-09-21,Mortgage,,,,,,,,,,,,,,MTG-00198,
EVT-000734,PROP-00197,SALE_REGISTERED,2026-09-21,Registration,,,,,REG-22-03-002,Owner_A,Owner_B,4.0,,,,,,,
EVT-000735,PROP-00197,MUTATION_UPDATED,2026-09-23,Mutation,,,,,,,,,MR-22-03-002,Owner_A,Owner_B,,,,
EVT-000736,PROP-00198,RTC_BASELINE,2026-02-27,RTC,Owner_B,4.5,75/3,3,,,,,,,,,,,
EVT-000737,PROP-00198,SALE_REGISTERED,2026-09-25,Registration,,,,,REG-22-03-003,Owner_B,Owner_C,4.5,,,,,,,
EVT-000738,PROP-00198,MUTATION_UPDATED,2026-09-27,Mutation,,,,,,,,,MR-22-03-003,Owner_B,Owner_C,,,,
EVT-000739,PROP-00199,RTC_BASELINE,2026-03-03,RTC,Owner_G,3.5,74/1,1,,,,,,,,,,,
EVT-000740,PROP-00199,MORTGAGE_REGISTERED,2026-04-02,Mortgage,,,,,,,,,,,,,,MTG-00200,Lender_A
EVT-000741,PROP-00199,MORTGAGE_RELEASED,2026-09-29,Mortgage,,,,,,,,,,,,,,MTG-00200,
EVT-000742,PROP-00199,SALE_REGISTERED,2026-09-29,Registration,,,,,REG-23-01-001,Owner_G,Owner_H,3.5,,,,,,,
EVT-000743,PROP-00199,MUTATION_UPDATED,2026-10-01,Mutation,,,,,,,,,MR-23-01-001,Owner_G,Owner_H,,,,
EVT-000744,PROP-00200,RTC_BASELINE,2026-03-07,RTC,Owner_H,4.0,75/2,2,,,,,,,,,,,
EVT-000745,PROP-00200,SALE_REGISTERED,2026-10-03,Registration,,,,,REG-23-01-002,Owner_H,Owner_A,4.0,,,,,,,
EVT-000746,PROP-00200,MUTATION_UPDATED,2026-10-05,Mutation,,,,,,,,,MR-23-01-002,Owner_H,Owner_A,,,,
EVT-000747,PROP-00201,RTC_BASELINE,2026-03-11,RTC,Owner_A,4.5,76/3,3,,,,,,,,,,,
EVT-000748,PROP-00201,SALE_REGISTERED,2026-10-07,Registration,,,,,REG-23-01-003,Owner_A,Owner_B,4.5,,,,,,,
EVT-000749,PROP-00201,MUTATION_UPDATED,2026-10-09,Mutation,,,,,,,,,MR-23-01-003,Owner_A,Owner_B,,,,
EVT-000750,PROP-00202,RTC_BASELINE,2026-03-15,RTC,Owner_H,4.0,77/1,1,,,,,,,,,,,
EVT-000751,PROP-00202,SALE_REGISTERED,2026-10-11,Registration,,,,,REG-23-02-001,Owner_H,Owner_A,4.0,,,,,,,
EVT-000752,PROP-00202,MUTATION_UPDATED,2026-10-13,Mutation,,,,,,,,,MR-23-02-001,Owner_H,Owner_A,,,,
EVT-000753,PROP-00203,RTC_BASELINE,2026-03-19,RTC,Owner_A,4.5,78/2,2,,,,,,,,,,,
EVT-000754,PROP-00203,SALE_REGISTERED,2026-10-15,Registration,,,,,REG-23-02-002,Owner_A,Owner_B,4.5,,,,,,,
EVT-000755,PROP-00203,MUTATION_UPDATED,2026-10-17,Mutation,,,,,,,,,MR-23-02-002,Owner_A,Owner_B,,,,
EVT-000756,PROP-00204,RTC_BASELINE,2026-03-23,RTC,Owner_B,5.0,79/3,3,,,,,,,,,,,
EVT-000757,PROP-00204,SALE_REGISTERED,2026-10-19,Registration,,,,,REG-23-02-003,Owner_B,Owner_C,5.0,,,,,,,
EVT-000758,PROP-00204,MUTATION_UPDATED,2026-10-21,Mutation,,,,,,,,,MR-23-02-003,Owner_B,Owner_C,,,,
EVT-000759,PROP-00205,RTC_BASELINE,2026-03-27,RTC,Owner_A,4.5,80/1,1,,,,,,,,,,,
EVT-000760,PROP-00205,SALE_REGISTERED,2026-10-23,Registration,,,,,REG-23-03-001,Owner_A,Owner_B,4.5,,,,,,,
EVT-000761,PROP-00205,MUTATION_UPDATED,2026-10-25,Mutation,,,,,,,,,MR-23-03-001,Owner_A,Owner_B,,,,
EVT-000762,PROP-00206,RTC_BASELINE,2026-03-31,RTC,Owner_B,5.0,81/2,2,,,,,,,,,,,
EVT-000763,PROP-00206,SALE_REGISTERED,2026-10-27,Registration,,,,,REG-23-03-002,Owner_B,Owner_C,5.0,,,,,,,
EVT-000764,PROP-00206,MUTATION_UPDATED,2026-10-29,Mutation,,,,,,,,,MR-23-03-002,Owner_B,Owner_C,,,,
EVT-000765,PROP-00207,RTC_BASELINE,2026-04-04,RTC,Owner_C,5.5,82/3,3,,,,,,,,,,,
EVT-000766,PROP-00207,SALE_REGISTERED,2026-10-31,Registration,,,,,REG-23-03-003,Owner_C,Owner_C,5.5,,,,,,,
EVT-000767,PROP-00207,MUTATION_UPDATED,2026-11-02,Mutation,,,,,,,,,MR-23-03-003,Owner_C,Owner_D,,,,
EVT-000768,PROP-00208,RTC_BASELINE,2026-04-08,RTC,Owner_H,4.5,81/1,1,,,,,,,,,,,
EVT-000769,PROP-00208,SALE_REGISTERED,2026-11-04,Registration,,,,,REG-24-01-001,Owner_H,Owner_A,4.5,,,,,,,
EVT-000770,PROP-00208,MUTATION_UPDATED,2026-11-06,Mutation,,,,,,,,,MR-24-01-001,Owner_H,Owner_A,,,,
EVT-000771,PROP-00209,RTC_BASELINE,2026-04-12,RTC,Owner_A,5.0,82/2,2,,,,,,,,,,,
EVT-000772,PROP-00209,SALE_REGISTERED,2026-11-08,Registration,,,,,REG-24-01-002,Owner_A,Owner_C,5.0,,,,,,,
EVT-000773,PROP-00209,MUTATION_UPDATED,2026-11-10,Mutation,,,,,,,,,MR-24-01-002,Owner_A,Owner_D,,,,
EVT-000774,PROP-00210,RTC_BASELINE,2026-04-16,RTC,Owner_B,5.5,83/3,3,,,,,,,,,,,
EVT-000775,PROP-00210,SALE_REGISTERED,2026-11-12,Registration,,,,,REG-24-01-003,Owner_B,Owner_C,6.5,,,,,,,
EVT-000776,PROP-00210,MUTATION_UPDATED,2026-11-14,Mutation,,,,,,,,,MR-24-01-003,Owner_B,Owner_C,,,,
EVT-000777,PROP-00210,EXTENT_CHANGED,2026-11-14,Mutation,,,,,,,,,,,,5.5,6.5,,
EVT-000778,PROP-00211,RTC_BASELINE,2026-04-20,RTC,Owner_A,5.0,84/1,1,,,,,,,,,,,
EVT-000779,PROP-00211,SALE_REGISTERED,2026-11-16,Registration,,,,,REG-24-02-001,Owner_A,Owner_C,5.0,,,,,,,
EVT-000780,PROP-00211,MUTATION_UPDATED,2026-11-18,Mutation,,,,,,,,,MR-24-02-001,Owner_A,Owner_D,,,,
EVT-000781,PROP-00212,RTC_BASELINE,2026-04-24,RTC,Owner_B,5.5,85/2,2,,,,,,,,,,,
EVT-000782,PROP-00212,SALE_REGISTERED,2026-11-20,Registration,,,,,REG-24-02-002,Owner_B,Owner_C,6.5,,,,,,,
EVT-000783,PROP-00212,MUTATION_UPDATED,2026-11-22,Mutation,,,,,,,,,MR-24-02-002,Owner_B,Owner_C,,,,
EVT-000784,PROP-00212,EXTENT_CHANGED,2026-11-22,Mutation,,,,,,,,,,,,5.5,6.5,,
EVT-000785,PROP-00213,RTC_BASELINE,2026-04-28,RTC,Owner_C,6.0,86/3,3,,,,,,,,,,,
EVT-000786,PROP-00213,SALE_REGISTERED,2026-11-24,Registration,,,,,REG-24-02-003,Owner_C,Owner_D,6.0,,,,,,,
EVT-000787,PROP-00213,MUTATION_UPDATED,2026-11-26,Mutation,,,,,,,,,MR-24-02-003,Owner_C,Owner_D,,,,
EVT-000788,PROP-00214,RTC_BASELINE,2026-05-02,RTC,Owner_B,5.5,87/1,1,,,,,,,,,,,
EVT-000789,PROP-00214,SALE_REGISTERED,2026-11-28,Registration,,,,,REG-24-03-001,Owner_B,Owner_C,6.5,,,,,,,
EVT-000790,PROP-00214,MUTATION_UPDATED,2026-11-30,Mutation,,,,,,,,,MR-24-03-001,Owner_B,Owner_C,,,,
EVT-000791,PROP-00214,EXTENT_CHANGED,2026-11-30,Mutation,,,,,,,,,,,,5.5,6.5,,
EVT-000792,PROP-00215,RTC_BASELINE,2026-05-06,RTC,Owner_C,6.0,88/2,2,,,,,,,,,,,
EVT-000793,PROP-00215,SALE_REGISTERED,2026-12-02,Registration,,,,,REG-24-03-002,Owner_C,Owner_D,6.0,,,,,,,
EVT-000794,PROP-00215,MUTATION_UPDATED,2026-12-04,Mutation,,,,,,,,,MR-24-03-002,Owner_C,Owner_D,,,,
EVT-000795,PROP-00216,RTC_BASELINE,2026-05-10,RTC,Owner_D,1.5,89/3,3,,,,,,,,,,,
EVT-000796,PROP-00216,SALE_REGISTERED,2026-12-06,Registration,,,,,REG-24-03-003,Owner_D,Owner_E,1.5,,,,,,,
EVT-000797,PROP-00216,MUTATION_UPDATED,2026-12-08,Mutation,,,,,,,,,MR-24-03-003,Owner_D,Owner_E,,,,
EVT-000798,PROP-00217,RTC_BASELINE,2026-05-14,RTC,Owner_A,5.5,88/1,1,,,,,,,,,,,
EVT-000799,PROP-00217,SALE_REGISTERED,2026-12-10,Registration,,,,,REG-25-01-001,Owner_A,Owner_B,5.5,,,,,,,
EVT-000800,PROP-00217,MUTATION_UPDATED,2026-12-12,Mutation,,,,,,,,,MR-25-01-001,Owner_A,Owner_B,,,,
EVT-000801,PROP-00218,RTC_BASELINE,2026-05-18,RTC,Owner_B,6.0,89/2,2,,,,,,,,,,,
EVT-000802,PROP-00218,SALE_REGISTERED,2026-12-14,Registration,,,,,REG-25-01-002,Owner_B,Owner_C,6.0,,,,,,,
EVT-000803,PROP-00218,MUTATION_UPDATED,2026-12-16,Mutation,,,,,,,,,MR-25-01-002,Owner_B,Owner_C,,,,
EVT-000804,PROP-00219,RTC_BASELINE,2026-05-22,RTC,Owner_C,1.5,90/3,3,,,,,,,,,,,
EVT-000805,PROP-00219,MORTGAGE_REGISTERED,2026-06-21,Mortgage,,,,,,,,,,,,,,MTG-00220,Lender_A
EVT-000806,PROP-00219,MORTGAGE_RELEASED,2026-12-18,Mortgage,,,,,,,,,,,,,,MTG-00220,
EVT-000807,PROP-00219,SALE_REGISTERED,2026-12-18,Registration,,,,,REG-25-01-003,Owner_C,Owner_D,1.5,,,,,,,
EVT-000808,PROP-00219,MUTATION_UPDATED,2026-12-20,Mutation,,,,,,,,,MR-25-01-003,Owner_C,Owner_D,,,,
EVT-000809,PROP-00220,RTC_BASELINE,2026-05-26,RTC,Owner_B,6.0,91/1,1,,,,,,,,,,,
EVT-000810,PROP-00220,SALE_REGISTERED,2026-12-22,Registration,,,,,REG-25-02-001,Owner_B,Owner_C,6.0,,,,,,,
EVT-000811,PROP-00220,MUTATION_UPDATED,2026-12-24,Mutation,,,,,,,,,MR-25-02-001,Owner_B,Owner_C,,,,
EVT-000812,PROP-00221,RTC_BASELINE,2026-05-30,RTC,Owner_C,1.5,92/2,2,,,,,,,,,,,
EVT-000813,PROP-00221,MORTGAGE_REGISTERED,2026-06-29,Mortgage,,,,,,,,,,,,,,MTG-00222,Lender_A
EVT-000814,PROP-00221,MORTGAGE_RELEASED,2026-12-26,Mortgage,,,,,,,,,,,,,,MTG-00222,
EVT-000815,PROP-00221,SALE_REGISTERED,2026-12-26,Registration,,,,,REG-25-02-002,Owner_C,Owner_D,1.5,,,,,,,
EVT-000816,PROP-00221,MUTATION_UPDATED,2026-12-28,Mutation,,,,,,,,,MR-25-02-002,Owner_C,Owner_D,,,,
EVT-000817,PROP-00222,RTC_BASELINE,2026-06-03,RTC,Owner_D,2.0,93/3,3,,,,,,,,,,,
EVT-000818,PROP-00222,MORTGAGE_REGISTERED,2026-07-03,Mortgage,,,,,,,,,,,,,,MTG-00223,Lender_A
EVT-000819,PROP-00222,MORTGAGE_RELEASED,2026-12-30,Mortgage,,,,,,,,,,,,,,MTG-00223,
EVT-000820,PROP-00222,SALE_REGISTERED,2026-12-30,Registration,,,,,REG-25-02-003,Owner_D,Owner_E,2.0,,,,,,,
EVT-000821,PROP-00222,MUTATION_UPDATED,2027-01-01,Mutation,,,,,,,,,MR-25-02-003,Owner_D,Owner_E,,,,
EVT-000822,PROP-00223,RTC_BASELINE,2026-06-07,RTC,Owner_C,1.5,94/1,1,,,,,,,,,,,
EVT-000823,PROP-00223,MORTGAGE_REGISTERED,2026-07-07,Mortgage,,,,,,,,,,,,,,MTG-00224,Lender_A
EVT-000824,PROP-00223,MORTGAGE_RELEASED,2027-01-03,Mortgage,,,,,,,,,,,,,,MTG-00224,
EVT-000825,PROP-00223,SALE_REGISTERED,2027-01-03,Registration,,,,,REG-25-03-001,Owner_C,Owner_D,1.5,,,,,,,
EVT-000826,PROP-00223,MUTATION_UPDATED,2027-01-05,Mutation,,,,,,,,,MR-25-03-001,Owner_C,Owner_D,,,,
EVT-000827,PROP-00224,RTC_BASELINE,2026-06-11,RTC,Owner_D,2.0,95/2,2,,,,,,,,,,,
EVT-000828,PROP-00224,MORTGAGE_REGISTERED,2026-07-11,Mortgage,,,,,,,,,,,,,,MTG-00225,Lender_A
EVT-000829,PROP-00224,MORTGAGE_RELEASED,2027-01-07,Mortgage,,,,,,,,,,,,,,MTG-00225,
EVT-000830,PROP-00224,SALE_REGISTERED,2027-01-07,Registration,,,,,REG-25-03-002,Owner_D,Owner_E,2.0,,,,,,,
EVT-000831,PROP-00224,MUTATION_UPDATED,2027-01-09,Mutation,,,,,,,,,MR-25-03-002,Owner_D,Owner_E,,,,
EVT-000832,PROP-00225,RTC_BASELINE,2026-06-15,RTC,Owner_E,2.5,96/3,3,,,,,,,,,,,
EVT-000833,PROP-00225,MORTGAGE_REGISTERED,2026-07-15,Mortgage,,,,,,,,,,,,,,MTG-00226,Lender_A
EVT-000834,PROP-00225,MORTGAGE_RELEASED,2027-01-11,Mortgage,,,,,,,,,,,,,,MTG-00226,
EVT-000835,PROP-00225,SALE_REGISTERED,2027-01-11,Registration,,,,,REG-25-03-003,Owner_E,Owner_F,2.5,,,,,,,
EVT-000836,PROP-00225,MUTATION_UPDATED,2027-01-13,Mutation,,,,,,,,,MR-25-03-003,Owner_E,Owner_F,,,,
EVT-000837,PROP-00226,RTC_BASELINE,2026-06-19,RTC,Owner_B,1.5,95/1,1,,,,,,,,,,,
EVT-000838,PROP-00226,MORTGAGE_REGISTERED,2026-07-19,Mortgage,,,,,,,,,,,,,,MTG-00227,Lender_A
EVT-000839,PROP-00226,MORTGAGE_RELEASED,2027-01-15,Mortgage,,,,,,,,,,,,,,MTG-00227,
EVT-000840,PROP-00226,SALE_REGISTERED,2027-01-15,Registration,,,,,REG-26-01-001,Owner_B,Owner_C,1.5,,,,,,,
EVT-000841,PROP-00226,MUTATION_UPDATED,2027-01-17,Mutation,,,,,,,,,MR-26-01-001,Owner_B,Owner_C,,,,
EVT-000842,PROP-00227,RTC_BASELINE,2026-06-23,RTC,Owner_C,2.0,96/2,2,,,,,,,,,,,
EVT-000843,PROP-00227,MORTGAGE_REGISTERED,2026-07-23,Mortgage,,,,,,,,,,,,,,MTG-00228,Lender_A
EVT-000844,PROP-00227,MORTGAGE_RELEASED,2027-01-19,Mortgage,,,,,,,,,,,,,,MTG-00228,
EVT-000845,PROP-00227,SALE_REGISTERED,2027-01-19,Registration,,,,,REG-26-01-002,Owner_C,Owner_D,2.0,,,,,,,
EVT-000846,PROP-00227,MUTATION_UPDATED,2027-01-21,Mutation,,,,,,,,,MR-26-01-002,Owner_C,Owner_D,,,,
EVT-000847,PROP-00228,RTC_BASELINE,2026-06-27,RTC,Owner_D,2.5,97/3,3,,,,,,,,,,,
EVT-000848,PROP-00228,SALE_REGISTERED,2027-01-23,Registration,,,,,REG-26-01-003,Owner_D,Owner_E,2.5,,,,,,,
EVT-000849,PROP-00228,MUTATION_UPDATED,2027-01-25,Mutation,,,,,,,,,MR-26-01-003,Owner_D,Owner_E,,,,
EVT-000850,PROP-00229,RTC_BASELINE,2026-07-01,RTC,Owner_C,2.0,98/1,1,,,,,,,,,,,
EVT-000851,PROP-00229,MORTGAGE_REGISTERED,2026-07-31,Mortgage,,,,,,,,,,,,,,MTG-00230,Lender_A
EVT-000852,PROP-00229,MORTGAGE_RELEASED,2027-01-27,Mortgage,,,,,,,,,,,,,,MTG-00230,
EVT-000853,PROP-00229,SALE_REGISTERED,2027-01-27,Registration,,,,,REG-26-02-001,Owner_C,Owner_D,2.0,,,,,,,
EVT-000854,PROP-00229,MUTATION_UPDATED,2027-01-29,Mutation,,,,,,,,,MR-26-02-001,Owner_C,Owner_D,,,,
EVT-000855,PROP-00230,RTC_BASELINE,2026-07-05,RTC,Owner_D,2.5,99/2,2,,,,,,,,,,,
EVT-000856,PROP-00230,SALE_REGISTERED,2027-01-31,Registration,,,,,REG-26-02-002,Owner_D,Owner_E,2.5,,,,,,,
EVT-000857,PROP-00230,MUTATION_UPDATED,2027-02-02,Mutation,,,,,,,,,MR-26-02-002,Owner_D,Owner_E,,,,
EVT-000858,PROP-00231,RTC_BASELINE,2026-07-09,RTC,Owner_E,3.0,40/3,3,,,,,,,,,,,
EVT-000859,PROP-00231,SALE_REGISTERED,2027-02-04,Registration,,,,,REG-26-02-003,Owner_E,Owner_F,3.0,,,,,,,
EVT-000860,PROP-00231,MUTATION_UPDATED,2027-02-06,Mutation,,,,,,,,,MR-26-02-003,Owner_E,Owner_F,,,,
EVT-000861,PROP-00232,RTC_BASELINE,2026-07-13,RTC,Owner_D,2.5,41/1,1,,,,,,,,,,,
EVT-000862,PROP-00232,SALE_REGISTERED,2027-02-08,Registration,,,,,REG-26-03-001,Owner_D,Owner_E,2.5,,,,,,,
EVT-000863,PROP-00232,MUTATION_UPDATED,2027-02-10,Mutation,,,,,,,,,MR-26-03-001,Owner_D,Owner_E,,,,
EVT-000864,PROP-00233,RTC_BASELINE,2026-07-17,RTC,Owner_E,3.0,42/2,2,,,,,,,,,,,
EVT-000865,PROP-00233,SALE_REGISTERED,2027-02-12,Registration,,,,,REG-26-03-002,Owner_E,Owner_F,3.0,,,,,,,
EVT-000866,PROP-00233,MUTATION_UPDATED,2027-02-14,Mutation,,,,,,,,,MR-26-03-002,Owner_E,Owner_F,,,,
EVT-000867,PROP-00234,RTC_BASELINE,2026-07-21,RTC,Owner_F,3.5,43/3,3,,,,,,,,,,,
EVT-000868,PROP-00234,SALE_REGISTERED,2027-02-16,Registration,,,,,REG-26-03-003,Owner_F,Owner_G,3.5,,,,,,,
EVT-000869,PROP-00234,MUTATION_UPDATED,2027-02-18,Mutation,,,,,,,,,MR-26-03-003,Owner_F,Owner_G,,,,
EVT-000870,PROP-00235,RTC_BASELINE,2026-07-25,RTC,Owner_C,2.5,42/1,1,,,,,,,,,,,
EVT-000871,PROP-00235,SALE_REGISTERED,2027-02-20,Registration,,,,,REG-27-01-001,Owner_C,Owner_D,2.5,,,,,,,
EVT-000872,PROP-00235,MUTATION_UPDATED,2027-02-22,Mutation,,,,,,,,,MR-27-01-001,Owner_C,Owner_D,,,,
EVT-000873,PROP-00236,RTC_BASELINE,2026-07-29,RTC,Owner_D,3.0,43/2,2,,,,,,,,,,,
EVT-000874,PROP-00236,SALE_REGISTERED,2027-02-24,Registration,,,,,REG-27-01-002,Owner_D,Owner_E,3.0,,,,,,,
EVT-000875,PROP-00236,MUTATION_UPDATED,2027-02-26,Mutation,,,,,,,,,MR-27-01-002,Owner_D,Owner_E,,,,
EVT-000876,PROP-00237,RTC_BASELINE,2026-08-02,RTC,Owner_E,3.5,44/3,3,,,,,,,,,,,
EVT-000877,PROP-00237,SALE_REGISTERED,2027-02-28,Registration,,,,,REG-27-01-003,Owner_E,Owner_C,3.5,,,,,,,
EVT-000878,PROP-00237,MUTATION_UPDATED,2027-03-02,Mutation,,,,,,,,,MR-27-01-003,Owner_E,Owner_D,,,,
EVT-000879,PROP-00238,RTC_BASELINE,2026-08-06,RTC,Owner_D,3.0,45/1,1,,,,,,,,,,,
EVT-000880,PROP-00238,SALE_REGISTERED,2027-03-04,Registration,,,,,REG-27-02-001,Owner_D,Owner_E,3.0,,,,,,,
EVT-000881,PROP-00238,MUTATION_UPDATED,2027-03-06,Mutation,,,,,,,,,MR-27-02-001,Owner_D,Owner_E,,,,
EVT-000882,PROP-00239,RTC_BASELINE,2026-08-10,RTC,Owner_E,3.5,46/2,2,,,,,,,,,,,
EVT-000883,PROP-00239,SALE_REGISTERED,2027-03-08,Registration,,,,,REG-27-02-002,Owner_E,Owner_C,3.5,,,,,,,
EVT-000884,PROP-00239,MUTATION_UPDATED,2027-03-10,Mutation,,,,,,,,,MR-27-02-002,Owner_E,Owner_D,,,,
EVT-000885,PROP-00240,RTC_BASELINE,2026-08-14,RTC,Owner_F,4.0,47/3,3,,,,,,,,,,,
EVT-000886,PROP-00240,SALE_REGISTERED,2027-03-12,Registration,,,,,REG-27-02-003,Owner_F,Owner_G,5.0,,,,,,,
EVT-000887,PROP-00240,MUTATION_UPDATED,2027-03-14,Mutation,,,,,,,,,MR-27-02-003,Owner_F,Owner_G,,,,
EVT-000888,PROP-00240,EXTENT_CHANGED,2027-03-14,Mutation,,,,,,,,,,,,4.0,5.0,,
EVT-000889,PROP-00241,RTC_BASELINE,2026-08-18,RTC,Owner_E,3.5,48/1,1,,,,,,,,,,,
EVT-000890,PROP-00241,SALE_REGISTERED,2027-03-16,Registration,,,,,REG-27-03-001,Owner_E,Owner_C,3.5,,,,,,,
EVT-000891,PROP-00241,MUTATION_UPDATED,2027-03-18,Mutation,,,,,,,,,MR-27-03-001,Owner_E,Owner_D,,,,
EVT-000892,PROP-00242,RTC_BASELINE,2026-08-22,RTC,Owner_F,4.0,49/2,2,,,,,,,,,,,
EVT-000893,PROP-00242,SALE_REGISTERED,2027-03-20,Registration,,,,,REG-27-03-002,Owner_F,Owner_G,5.0,,,,,,,
EVT-000894,PROP-00242,MUTATION_UPDATED,2027-03-22,Mutation,,,,,,,,,MR-27-03-002,Owner_F,Owner_G,,,,
EVT-000895,PROP-00242,EXTENT_CHANGED,2027-03-22,Mutation,,,,,,,,,,,,4.0,5.0,,
EVT-000896,PROP-00243,RTC_BASELINE,2026-08-26,RTC,Owner_G,4.5,50/3,3,,,,,,,,,,,
EVT-000897,PROP-00243,SALE_REGISTERED,2027-03-24,Registration,,,,,REG-27-03-003,Owner_G,Owner_H,4.5,,,,,,,
EVT-000898,PROP-00243,MUTATION_UPDATED,2027-03-26,Mutation,,,,,,,,,MR-27-03-003,Owner_G,Owner_H,,,,
EVT-000899,PROP-00244,RTC_BASELINE,2026-08-30,RTC,Owner_D,3.5,49/1,1,,,,,,,,,,,
EVT-000900,PROP-00244,SALE_REGISTERED,2027-03-28,Registration,,,,,REG-28-01-001,Owner_D,Owner_E,4.5,,,,,,,
EVT-000901,PROP-00244,MUTATION_UPDATED,2027-03-30,Mutation,,,,,,,,,MR-28-01-001,Owner_D,Owner_E,,,,
EVT-000902,PROP-00244,EXTENT_CHANGED,2027-03-30,Mutation,,,,,,,,,,,,3.5,4.5,,
EVT-000903,PROP-00245,RTC_BASELINE,2026-09-03,RTC,Owner_E,4.0,50/2,2,,,,,,,,,,,
EVT-000904,PROP-00245,SALE_REGISTERED,2027-04-01,Registration,,,,,REG-28-01-002,Owner_E,Owner_F,4.0,,,,,,,
EVT-000905,PROP-00245,MUTATION_UPDATED,2027-04-03,Mutation,,,,,,,,,MR-28-01-002,Owner_E,Owner_F,,,,
EVT-000906,PROP-00246,RTC_BASELINE,2026-09-07,RTC,Owner_F,4.5,51/3,3,,,,,,,,,,,
EVT-000907,PROP-00246,SALE_REGISTERED,2027-04-05,Registration,,,,,REG-28-01-003,Owner_F,Owner_G,4.5,,,,,,,
EVT-000908,PROP-00246,MUTATION_UPDATED,2027-04-07,Mutation,,,,,,,,,MR-28-01-003,Owner_F,Owner_G,,,,
EVT-000909,PROP-00247,RTC_BASELINE,2026-09-11,RTC,Owner_E,4.0,52/1,1,,,,,,,,,,,
EVT-000910,PROP-00247,SALE_REGISTERED,2027-04-09,Registration,,,,,REG-28-02-001,Owner_E,Owner_F,4.0,,,,,,,
EVT-000911,PROP-00247,MUTATION_UPDATED,2027-04-11,Mutation,,,,,,,,,MR-28-02-001,Owner_E,Owner_F,,,,
EVT-000912,PROP-00248,RTC_BASELINE,2026-09-15,RTC,Owner_F,4.5,53/2,2,,,,,,,,,,,
EVT-000913,PROP-00248,SALE_REGISTERED,2027-04-13,Registration,,,,,REG-28-02-002,Owner_F,Owner_G,4.5,,,,,,,
EVT-000914,PROP-00248,MUTATION_UPDATED,2027-04-15,Mutation,,,,,,,,,MR-28-02-002,Owner_F,Owner_G,,,,
EVT-000915,PROP-00249,RTC_BASELINE,2026-09-19,RTC,Owner_G,5.0,54/3,3,,,,,,,,,,,
EVT-000916,PROP-00249,MORTGAGE_REGISTERED,2026-10-19,Mortgage,,,,,,,,,,,,,,MTG-00250,Lender_A
EVT-000917,PROP-00249,MORTGAGE_RELEASED,2027-04-17,Mortgage,,,,,,,,,,,,,,MTG-00250,
EVT-000918,PROP-00249,SALE_REGISTERED,2027-04-17,Registration,,,,,REG-28-02-003,Owner_G,Owner_H,5.0,,,,,,,
EVT-000919,PROP-00249,MUTATION_UPDATED,2027-04-19,Mutation,,,,,,,,,MR-28-02-003,Owner_G,Owner_H,,,,
EVT-000920,PROP-00250,RTC_BASELINE,2026-09-23,RTC,Owner_F,4.5,55/1,1,,,,,,,,,,,
EVT-000921,PROP-00250,SALE_REGISTERED,2027-04-21,Registration,,,,,REG-28-03-001,Owner_F,Owner_G,4.5,,,,,,,
EVT-000922,PROP-00250,MUTATION_UPDATED,2027-04-23,Mutation,,,,,,,,,MR-28-03-001,Owner_F,Owner_G,,,,
EVT-000923,PROP-00251,RTC_BASELINE,2026-09-27,RTC,Owner_G,5.0,56/2,2,,,,,,,,,,,
EVT-000924,PROP-00251,MORTGAGE_REGISTERED,2026-10-27,Mortgage,,,,,,,,,,,,,,MTG-00252,Lender_A
EVT-000925,PROP-00251,MORTGAGE_RELEASED,2027-04-25,Mortgage,,,,,,,,,,,,,,MTG-00252,
EVT-000926,PROP-00251,SALE_REGISTERED,2027-04-25,Registration,,,,,REG-28-03-002,Owner_G,Owner_H,5.0,,,,,,,
EVT-000927,PROP-00251,MUTATION_UPDATED,2027-04-27,Mutation,,,,,,,,,MR-28-03-002,Owner_G,Owner_H,,,,
EVT-000928,PROP-00252,RTC_BASELINE,2026-10-01,RTC,Owner_H,5.5,57/3,3,,,,,,,,,,,
EVT-000929,PROP-00252,MORTGAGE_REGISTERED,2026-10-31,Mortgage,,,,,,,,,,,,,,MTG-00253,Lender_A
EVT-000930,PROP-00252,MORTGAGE_RELEASED,2027-04-29,Mortgage,,,,,,,,,,,,,,MTG-00253,
EVT-000931,PROP-00252,SALE_REGISTERED,2027-04-29,Registration,,,,,REG-28-03-003,Owner_H,Owner_A,5.5,,,,,,,
EVT-000932,PROP-00252,MUTATION_UPDATED,2027-05-01,Mutation,,,,,,,,,MR-28-03-003,Owner_H,Owner_A,,,,
EVT-000933,PROP-00253,RTC_BASELINE,2026-10-05,RTC,Owner_E,4.5,56/1,1,,,,,,,,,,,
EVT-000934,PROP-00253,MORTGAGE_REGISTERED,2026-11-04,Mortgage,,,,,,,,,,,,,,MTG-00254,Lender_A
EVT-000935,PROP-00253,MORTGAGE_RELEASED,2027-05-03,Mortgage,,,,,,,,,,,,,,MTG-00254,
EVT-000936,PROP-00253,SALE_REGISTERED,2027-05-03,Registration,,,,,REG-29-01-001,Owner_E,Owner_F,4.5,,,,,,,
EVT-000937,PROP-00253,MUTATION_UPDATED,2027-05-05,Mutation,,,,,,,,,MR-29-01-001,Owner_E,Owner_F,,,,
EVT-000938,PROP-00254,RTC_BASELINE,2026-10-09,RTC,Owner_F,5.0,57/2,2,,,,,,,,,,,
EVT-000939,PROP-00254,MORTGAGE_REGISTERED,2026-11-08,Mortgage,,,,,,,,,,,,,,MTG-00255,Lender_A
EVT-000940,PROP-00254,MORTGAGE_RELEASED,2027-05-07,Mortgage,,,,,,,,,,,,,,MTG-00255,
EVT-000941,PROP-00254,SALE_REGISTERED,2027-05-07,Registration,,,,,REG-29-01-002,Owner_F,Owner_G,5.0,,,,,,,
EVT-000942,PROP-00254,MUTATION_UPDATED,2027-05-09,Mutation,,,,,,,,,MR-29-01-002,Owner_F,Owner_G,,,,
EVT-000943,PROP-00255,RTC_BASELINE,2026-10-13,RTC,Owner_G,5.5,58/3,3,,,,,,,,,,,
EVT-000944,PROP-00255,MORTGAGE_REGISTERED,2026-11-12,Mortgage,,,,,,,,,,,,,,MTG-00256,Lender_A
EVT-000945,PROP-00255,MORTGAGE_RELEASED,2027-05-11,Mortgage,,,,,,,,,,,,,,MTG-00256,
EVT-000946,PROP-00255,SALE_REGISTERED,2027-05-11,Registration,,,,,REG-29-01-003,Owner_G,Owner_H,5.5,,,,,,,
EVT-000947,PROP-00255,MUTATION_UPDATED,2027-05-13,Mutation,,,,,,,,,MR-29-01-003,Owner_G,Owner_H,,,,
EVT-000948,PROP-00256,RTC_BASELINE,2026-10-17,RTC,Owner_F,5.0,59/1,1,,,,,,,,,,,
EVT-000949,PROP-00256,MORTGAGE_REGISTERED,2026-11-16,Mortgage,,,,,,,,,,,,,,MTG-00257,Lender_A
EVT-000950,PROP-00256,MORTGAGE_RELEASED,2027-05-15,Mortgage,,,,,,,,,,,,,,MTG-00257,
EVT-000951,PROP-00256,SALE_REGISTERED,2027-05-15,Registration,,,,,REG-29-02-001,Owner_F,Owner_G,5.0,,,,,,,
EVT-000952,PROP-00256,MUTATION_UPDATED,2027-05-17,Mutation,,,,,,,,,MR-29-02-001,Owner_F,Owner_G,,,,
EVT-000953,PROP-00257,RTC_BASELINE,2026-10-21,RTC,Owner_G,5.5,60/2,2,,,,,,,,,,,
EVT-000954,PROP-00257,MORTGAGE_REGISTERED,2026-11-20,Mortgage,,,,,,,,,,,,,,MTG-00258,Lender_A
EVT-000955,PROP-00257,MORTGAGE_RELEASED,2027-05-19,Mortgage,,,,,,,,,,,,,,MTG-00258,
EVT-000956,PROP-00257,SALE_REGISTERED,2027-05-19,Registration,,,,,REG-29-02-002,Owner_G,Owner_H,5.5,,,,,,,
EVT-000957,PROP-00257,MUTATION_UPDATED,2027-05-21,Mutation,,,,,,,,,MR-29-02-002,Owner_G,Owner_H,,,,
EVT-000958,PROP-00258,RTC_BASELINE,2026-10-25,RTC,Owner_H,6.0,61/3,3,,,,,,,,,,,
EVT-000959,PROP-00258,SALE_REGISTERED,2027-05-23,Registration,,,,,REG-29-02-003,Owner_H,Owner_A,6.0,,,,,,,
EVT-000960,PROP-00258,MUTATION_UPDATED,2027-05-25,Mutation,,,,,,,,,MR-29-02-003,Owner_H,Owner_A,,,,
EVT-000961,PROP-00259,RTC_BASELINE,2026-10-29,RTC,Owner_G,5.5,62/1,1,,,,,,,,,,,
EVT-000962,PROP-00259,MORTGAGE_REGISTERED,2026-11-28,Mortgage,,,,,,,,,,,,,,MTG-00260,Lender_A
EVT-000963,PROP-00259,MORTGAGE_RELEASED,2027-05-27,Mortgage,,,,,,,,,,,,,,MTG-00260,
EVT-000964,PROP-00259,SALE_REGISTERED,2027-05-27,Registration,,,,,REG-29-03-001,Owner_G,Owner_H,5.5,,,,,,,
EVT-000965,PROP-00259,MUTATION_UPDATED,2027-05-29,Mutation,,,,,,,,,MR-29-03-001,Owner_G,Owner_H,,,,
EVT-000966,PROP-00260,RTC_BASELINE,2026-11-02,RTC,Owner_H,6.0,63/2,2,,,,,,,,,,,
EVT-000967,PROP-00260,SALE_REGISTERED,2027-05-31,Registration,,,,,REG-29-03-002,Owner_H,Owner_A,6.0,,,,,,,
EVT-000968,PROP-00260,MUTATION_UPDATED,2027-06-02,Mutation,,,,,,,,,MR-29-03-002,Owner_H,Owner_A,,,,
EVT-000969,PROP-00261,RTC_BASELINE,2026-11-06,RTC,Owner_A,1.5,64/3,3,,,,,,,,,,,
EVT-000970,PROP-00261,SALE_REGISTERED,2027-06-04,Registration,,,,,REG-29-03-003,Owner_A,Owner_B,1.5,,,,,,,
EVT-000971,PROP-00261,MUTATION_UPDATED,2027-06-06,Mutation,,,,,,,,,MR-29-03-003,Owner_A,Owner_B,,,,
EVT-000972,PROP-00262,RTC_BASELINE,2026-11-10,RTC,Owner_F,5.5,63/1,1,,,,,,,,,,,
EVT-000973,PROP-00262,SALE_REGISTERED,2027-06-08,Registration,,,,,REG-30-01-001,Owner_F,Owner_G,5.5,,,,,,,
EVT-000974,PROP-00262,MUTATION_UPDATED,2027-06-10,Mutation,,,,,,,,,MR-30-01-001,Owner_F,Owner_G,,,,
EVT-000975,PROP-00263,RTC_BASELINE,2026-11-14,RTC,Owner_G,6.0,64/2,2,,,,,,,,,,,
EVT-000976,PROP-00263,SALE_REGISTERED,2027-06-12,Registration,,,,,REG-30-01-002,Owner_G,Owner_H,6.0,,,,,,,
EVT-000977,PROP-00263,MUTATION_UPDATED,2027-06-14,Mutation,,,,,,,,,MR-30-01-002,Owner_G,Owner_H,,,,
EVT-000978,PROP-00264,RTC_BASELINE,2026-11-18,RTC,Owner_H,1.5,65/3,3,,,,,,,,,,,
EVT-000979,PROP-00264,SALE_REGISTERED,2027-06-16,Registration,,,,,REG-30-01-003,Owner_H,Owner_A,1.5,,,,,,,
EVT-000980,PROP-00264,MUTATION_UPDATED,2027-06-18,Mutation,,,,,,,,,MR-30-01-003,Owner_H,Owner_A,,,,
EVT-000981,PROP-00265,RTC_BASELINE,2026-11-22,RTC,Owner_G,6.0,66/1,1,,,,,,,,,,,
EVT-000982,PROP-00265,SALE_REGISTERED,2027-06-20,Registration,,,,,REG-30-02-001,Owner_G,Owner_H,6.0,,,,,,,
EVT-000983,PROP-00265,MUTATION_UPDATED,2027-06-22,Mutation,,,,,,,,,MR-30-02-001,Owner_G,Owner_H,,,,
EVT-000984,PROP-00266,RTC_BASELINE,2026-11-26,RTC,Owner_H,1.5,67/2,2,,,,,,,,,,,
EVT-000985,PROP-00266,SALE_REGISTERED,2027-06-24,Registration,,,,,REG-30-02-002,Owner_H,Owner_A,1.5,,,,,,,
EVT-000986,PROP-00266,MUTATION_UPDATED,2027-06-26,Mutation,,,,,,,,,MR-30-02-002,Owner_H,Owner_A,,,,
EVT-000987,PROP-00267,RTC_BASELINE,2026-11-30,RTC,Owner_A,2.0,68/3,3,,,,,,,,,,,
EVT-000988,PROP-00267,SALE_REGISTERED,2027-06-28,Registration,,,,,REG-30-02-003,Owner_A,Owner_C,2.0,,,,,,,
EVT-000989,PROP-00267,MUTATION_UPDATED,2027-06-30,Mutation,,,,,,,,,MR-30-02-003,Owner_A,Owner_D,,,,
EVT-000990,PROP-00268,RTC_BASELINE,2026-12-04,RTC,Owner_H,1.5,69/1,1,,,,,,,,,,,
EVT-000991,PROP-00268,SALE_REGISTERED,2027-07-02,Registration,,,,,REG-30-03-001,Owner_H,Owner_A,1.5,,,,,,,
EVT-000992,PROP-00268,MUTATION_UPDATED,2027-07-04,Mutation,,,,,,,,,MR-30-03-001,Owner_H,Owner_A,,,,
EVT-000993,PROP-00269,RTC_BASELINE,2026-12-08,RTC,Owner_A,2.0,70/2,2,,,,,,,,,,,
EVT-000994,PROP-00269,SALE_REGISTERED,2027-07-06,Registration,,,,,REG-30-03-002,Owner_A,Owner_C,2.0,,,,,,,
EVT-000995,PROP-00269,MUTATION_UPDATED,2027-07-08,Mutation,,,,,,,,,MR-30-03-002,Owner_A,Owner_D,,,,
EVT-000996,PROP-00270,RTC_BASELINE,2026-12-12,RTC,Owner_B,2.5,71/3,3,,,,,,,,,,,
EVT-000997,PROP-00270,SALE_REGISTERED,2027-07-10,Registration,,,,,REG-30-03-003,Owner_B,Owner_C,3.5,,,,,,,
EVT-000998,PROP-00270,MUTATION_UPDATED,2027-07-12,Mutation,,,,,,,,,MR-30-03-003,Owner_B,Owner_C,,,,
EVT-000999,PROP-00270,EXTENT_CHANGED,2027-07-12,Mutation,,,,,,,,,,,,2.5,3.5,,
EVT-001000,PROP-00271,RTC_BASELINE,2026-12-16,RTC,Owner_G,1.5,70/1,1,,,,,,,,,,,
EVT-001001,PROP-00271,SALE_REGISTERED,2027-07-14,Registration,,,,,REG-31-01-001,Owner_G,Owner_C,1.5,,,,,,,
EVT-001002,PROP-00271,MUTATION_UPDATED,2027-07-16,Mutation,,,,,,,,,MR-31-01-001,Owner_G,Owner_D,,,,
EVT-001003,PROP-00272,RTC_BASELINE,2026-12-20,RTC,Owner_H,2.0,71/2,2,,,,,,,,,,,
EVT-001004,PROP-00272,SALE_REGISTERED,2027-07-18,Registration,,,,,REG-31-01-002,Owner_H,Owner_A,3.0,,,,,,,
EVT-001005,PROP-00272,MUTATION_UPDATED,2027-07-20,Mutation,,,,,,,,,MR-31-01-002,Owner_H,Owner_A,,,,
EVT-001006,PROP-00272,EXTENT_CHANGED,2027-07-20,Mutation,,,,,,,,,,,,2.0,3.0,,
EVT-001007,PROP-00273,RTC_BASELINE,2026-12-24,RTC,Owner_A,2.5,72/3,3,,,,,,,,,,,
EVT-001008,PROP-00273,SALE_REGISTERED,2027-07-22,Registration,,,,,REG-31-01-003,Owner_A,Owner_B,2.5,,,,,,,
EVT-001009,PROP-00273,MUTATION_UPDATED,2027-07-24,Mutation,,,,,,,,,MR-31-01-003,Owner_A,Owner_B,,,,
EVT-001010,PROP-00274,RTC_BASELINE,2026-12-28,RTC,Owner_H,2.0,73/1,1,,,,,,,,,,,
EVT-001011,PROP-00274,SALE_REGISTERED,2027-07-26,Registration,,,,,REG-31-02-001,Owner_H,Owner_A,3.0,,,,,,,
EVT-001012,PROP-00274,MUTATION_UPDATED,2027-07-28,Mutation,,,,,,,,,MR-31-02-001,Owner_H,Owner_A,,,,
EVT-001013,PROP-00274,EXTENT_CHANGED,2027-07-28,Mutation,,,,,,,,,,,,2.0,3.0,,
EVT-001014,PROP-00275,RTC_BASELINE,2027-01-01,RTC,Owner_A,2.5,74/2,2,,,,,,,,,,,
EVT-001015,PROP-00275,SALE_REGISTERED,2027-07-30,Registration,,,,,REG-31-02-002,Owner_A,Owner_B,2.5,,,,,,,
EVT-001016,PROP-00275,MUTATION_UPDATED,2027-08-01,Mutation,,,,,,,,,MR-31-02-002,Owner_A,Owner_B,,,,
EVT-001017,PROP-00276,RTC_BASELINE,2027-01-05,RTC,Owner_B,3.0,75/3,3,,,,,,,,,,,
EVT-001018,PROP-00276,SALE_REGISTERED,2027-08-03,Registration,,,,,REG-31-02-003,Owner_B,Owner_C,3.0,,,,,,,
EVT-001019,PROP-00276,MUTATION_UPDATED,2027-08-05,Mutation,,,,,,,,,MR-31-02-003,Owner_B,Owner_C,,,,
EVT-001020,PROP-00277,RTC_BASELINE,2027-01-09,RTC,Owner_A,2.5,76/1,1,,,,,,,,,,,
EVT-001021,PROP-00277,SALE_REGISTERED,2027-08-07,Registration,,,,,REG-31-03-001,Owner_A,Owner_B,2.5,,,,,,,
EVT-001022,PROP-00277,MUTATION_UPDATED,2027-08-09,Mutation,,,,,,,,,MR-31-03-001,Owner_A,Owner_B,,,,
EVT-001023,PROP-00278,RTC_BASELINE,2027-01-13,RTC,Owner_B,3.0,77/2,2,,,,,,,,,,,
EVT-001024,PROP-00278,SALE_REGISTERED,2027-08-11,Registration,,,,,REG-31-03-002,Owner_B,Owner_C,3.0,,,,,,,
EVT-001025,PROP-00278,MUTATION_UPDATED,2027-08-13,Mutation,,,,,,,,,MR-31-03-002,Owner_B,Owner_C,,,,
EVT-001026,PROP-00279,RTC_BASELINE,2027-01-17,RTC,Owner_C,3.5,78/3,3,,,,,,,,,,,
EVT-001027,PROP-00279,MORTGAGE_REGISTERED,2027-02-16,Mortgage,,,,,,,,,,,,,,MTG-00280,Lender_A
EVT-001028,PROP-00279,MORTGAGE_RELEASED,2027-08-15,Mortgage,,,,,,,,,,,,,,MTG-00280,
EVT-001029,PROP-00279,SALE_REGISTERED,2027-08-15,Registration,,,,,REG-31-03-003,Owner_C,Owner_D,3.5,,,,,,,
EVT-001030,PROP-00279,MUTATION_UPDATED,2027-08-17,Mutation,,,,,,,,,MR-31-03-003,Owner_C,Owner_D,,,,
