property_id,mortgage_number,mortgage_date,lender,amount_inr,status,release_date
PROP-00009,MTG-00010,2024-03-03,Lender_A,200000,RELEASED,2024-08-30
PROP-00011,MTG-00012,2024-03-11,Lender_A,175000,RELEASED,2024-09-07
PROP-00012,MTG-00013,2024-03-15,Lender_A,175000,RELEASED,2024-09-11
PROP-00013,MTG-00014,2024-03-19,Lender_A,200000,RELEASED,2024-09-15
PROP-00014,MTG-00015,2024-03-23,Lender_A,200000,RELEASED,2024-09-19
PROP-00015,MTG-00016,2024-03-27,Lender_A,200000,RELEASED,2024-09-23
PROP-00016,MTG-00017,2024-03-31,Lender_A,225000,RELEASED,2024-09-27
PROP-00017,MTG-00018,2024-04-04,Lender_A,225000,RELEASED,2024-10-01
PROP-00019,MTG-00020,2024-04-12,Lender_A,200000,RELEASED,2024-10-09
PROP-00039,MTG-00040,2024-07-01,Lender_A,250000,RELEASED,2024-12-28
PROP-00041,MTG-00042,2024-07-09,Lender_A,275000,RELEASED,2025-01-05
PROP-00042,MTG-00043,2024-07-13,Lender_A,275000,RELEASED,2025-01-09
PROP-00043,MTG-00044,2024-07-17,Lender_A,300000,RELEASED,2025-01-13
PROP-00044,MTG-00045,2024-07-21,Lender_A,300000,RELEASED,2025-01-17
PROP-00045,MTG-00046,2024-07-25,Lender_A,300000,RELEASED,2025-01-21
PROP-00046,MTG-00047,2024-07-29,Lender_A,275000,RELEASED,2025-01-25
PROP-00047,MTG-00048,2024-08-02,Lender_A,275000,RELEASED,2025-01-29
PROP-00049,MTG-00050,2024-08-10,Lender_A,300000,RELEASED,2025-02-06
PROP-00069,MTG-00070,2024-10-29,Lender_A,350000,RELEASED,2025-04-27
PROP-00071,MTG-00072,2024-11-06,Lender_A,375000,RELEASED,2025-05-05
PROP-00072,MTG-00073,2024-11-10,Lender_A,375000,RELEASED,2025-05-09
PROP-00073,MTG-00074,2024-11-14,Lender_A,350000,RELEASED,2025-05-13
PROP-00074,MTG-00075,2024-11-18,Lender_A,350000,RELEASED,2025-05-17
PROP-00075,MTG-00076,2024-11-22,Lender_A,350000,RELEASED,2025-05-21
PROP-00076,MTG-00077,2024-11-26,Lender_A,375000,RELEASED,2025-05-25
PROP-00077,MTG-00078,2024-11-30,Lender_A,375000,RELEASED,2025-05-29
PROP-00079,MTG-00080,2024-12-08,Lender_A,400000,RELEASED,2025-06-06
PROP-00099,MTG-00100,2025-02-26,Lender_A,450000,RELEASED,2025-08-25
PROP-00101,MTG-00102,2025-03-06,Lender_A,425000,RELEASED,2025-09-02
PROP-00102,MTG-00103,2025-03-10,Lender_A,425000,RELEASED,2025-09-06
PROP-00103,MTG-00104,2025-03-14,Lender_A,450000,RELEASED,2025-09-10
PROP-00104,MTG-00105,2025-03-18,Lender_A,450000,RELEASED,2025-09-14
PROP-00105,MTG-00106,2025-03-22,Lender_A,450000,RELEASED,2025-09-18
PROP-00106,MTG-00107,2025-03-26,Lender_A,475000,RELEASED,2025-09-22
PROP-00107,MTG-00108,2025-03-30,Lender_A,475000,RELEASED,2025-09-26
PROP-00109,MTG-00110,2025-04-07,Lender_A,450000,RELEASED,2025-10-04
PROP-00129,MTG-00130,2025-06-26,Lender_A,500000,RELEASED,2025-12-23
PROP-00131,MTG-00132,2025-07-04,Lender_A,525000,RELEASED,2025-12-31
PROP-00132,MTG-00133,2025-07-08,Lender_A,525000,RELEASED,2026-01-04
PROP-00133,MTG-00134,2025-07-12,Lender_A,550000,RELEASED,2026-01-08
PROP-00134,MTG-00135,2025-07-16,Lender_A,550000,RELEASED,2026-01-12
PROP-00135,MTG-00136,2025-07-20,Lender_A,550000,RELEASED,2026-01-16
PROP-00136,MTG-00137,2025-07-24,Lender_A,525000,RELEASED,2026-01-20
PROP-00137,MTG-00138,2025-07-28,Lender_A,525000,RELEASED,2026-01-24
PROP-00139,MTG-00140,2025-08-05,Lender_A,550000,RELEASED,2026-02-01
PROP-00159,MTG-00160,2025-10-24,Lender_A,600000,RELEASED,2026-04-22
PROP-00161,MTG-00162,2025-11-01,Lender_A,625000,RELEASED,2026-04-30
PROP-00162,MTG-00163,2025-11-05,Lender_A,625000,RELEASED,2026-05-04
PROP-00163,MTG-00164,2025-11-09,Lender_A,600000,RELEASED,2026-05-08
PROP-00164,MTG-00165,2025-11-13,Lender_A,600000,RELEASED,2026-05-12
PROP-00165,MTG-00166,2025-11-17,Lender_A,600000,RELEASED,2026-05-16
PROP-00166,MTG-00167,2025-11-21,Lender_A,625000,RELEASED,2026-05-20
PROP-00167,MTG-00168,2025-11-25,Lender_A,625000,RELEASED,2026-05-24
PROP-00169,MTG-00170,2025-12-03,Lender_A,650000,RELEASED,2026-06-01
PROP-00189,MTG-00190,2026-02-21,Lender_A,700000,RELEASED,2026-08-20
PROP-00191,MTG-00192,2026-03-01,Lender_A,675000,RELEASED,2026-08-28
PROP-00192,MTG-00193,2026-03-05,Lender_A,675000,RELEASED,2026-09-01
PROP-00193,MTG-00194,2026-03-09,Lender_A,700000,RELEASED,2026-09-05
PROP-00194,MTG-00195,2026-03-13,Lender_A,700000,RELEASED,2026-09-09
PROP-00195,MTG-00196,2026-03-17,Lender_A,700000,RELEASED,2026-09-13
PROP-00196,MTG-00197,2026-03-21,Lender_A,725000,RELEASED,2026-09-17
PROP-00197,MTG-00198,2026-03-25,Lender_A,725000,RELEASED,2026-09-21
PROP-00199,MTG-00200,2026-04-02,Lender_A,700000,RELEASED,2026-09-29
PROP-00219,MTG-00220,2026-06-21,Lender_A,750000,RELEASED,2026-12-18
PROP-00221,MTG-00222,2026-06-29,Lender_A,775000,RELEASED,2026-12-26
PROP-00222,MTG-00223,2026-07-03,Lender_A,775000,RELEASED,2026-12-30
PROP-00223,MTG-00224,2026-07-07,Lender_A,800000,RELEASED,2027-01-03
PROP-00224,MTG-00225,2026-07-11,Lender_A,800000,RELEASED,2027-01-07
PROP-00225,MTG-00226,2026-07-15,Lender_A,800000,RELEASED,2027-01-11
PROP-00226,MTG-00227,2026-07-19,Lender_A,775000,RELEASED,2027-01-15
PROP-00227,MTG-00228,2026-07-23,Lender_A,775000,RELEASED,2027-01-19
PROP-00229,MTG-00230,2026-07-31,Lender_A,800000,RELEASED,2027-01-27
PROP-00249,MTG-00250,2026-10-19,Lender_A,850000,RELEASED,2027-04-17
PROP-00251,MTG-00252,2026-10-27,Lender_A,875000,RELEASED,2027-04-25
PROP-00252,MTG-00253,2026-10-31,Lender_A,875000,RELEASED,2027-04-29
PROP-00253,MTG-00254,2026-11-04,Lender_A,850000,RELEASED,2027-05-03
PROP-00254,MTG-00255,2026-11-08,Lender_A,850000,RELEASED,2027-05-07
PROP-00255,MTG-00256,2026-11-12,Lender_A,850000,RELEASED,2027-05-11
PROP-00256,MTG-00257,2026-11-16,Lender_A,875000,RELEASED,2027-05-15
PROP-00257,MTG-00258,2026-11-20,Lender_A,875000,RELEASED,2027-05-19
PROP-00259,MTG-00260,2026-11-28,Lender_A,900000,RELEASED,2027-05-27
PROP-00279,MTG-00280,2027-02-16,Lender_A,950000,RELEASED,2027-08-15
