property_id,mutation_number,mutation_date,mutation_type,previous_owner,new_owner,survey_number
PROP-00001,MR-01-01-001,2024-07-31,SALE,Owner_A,Owner_D,40/1
PROP-00002,MR-01-01-002,2024-08-04,SALE,Owner_B,Owner_C,41/2
PROP-00003,MR-01-01-003,2024-08-08,SALE,Owner_C,Owner_D,42/3
PROP-00004,MR-01-02-001,2024-08-12,SALE,Owner_B,Owner_C,43/1
PROP-00005,MR-01-02-002,2024-08-16,SALE,Owner_C,Owner_D,44/2
PROP-00006,MR-01-02-003,2024-08-20,SALE,Owner_D,Owner_E,45/3
PROP-00007,MR-01-03-001,2024-08-24,SALE,Owner_C,Owner_D,46/1
PROP-00008,MR-01-03-002,2024-08-28,SALE,Owner_D,Owner_E,47/2
PROP-00009,MR-01-03-003,2024-09-01,SALE,Owner_E,Owner_F,48/3
PROP-00010,MR-02-01-001,2024-09-05,SALE,Owner_B,Owner_C,47/1
PROP-00011,MR-02-01-002,2024-09-09,SALE,Owner_C,Owner_D,48/2
PROP-00012,MR-02-01-003,2024-09-13,SALE,Owner_D,Owner_E,49/3
PROP-00013,MR-02-02-001,2024-09-17,SALE,Owner_C,Owner_D,50/1
PROP-00014,MR-02-02-002,2024-09-21,SALE,Owner_D,Owner_E,51/2
PROP-00015,MR-02-02-003,2024-09-25,SALE,Owner_E,Owner_F,52/3
PROP-00016,MR-02-03-001,2024-09-29,SALE,Owner_D,Owner_E,53/1
PROP-00017,MR-02-03-002,2024-10-03,SALE,Owner_E,Owner_F,54/2
PROP-00018,MR-02-03-003,2024-10-07,SALE,Owner_F,Owner_G,55/3
PROP-00019,MR-03-01-001,2024-10-11,SALE,Owner_C,Owner_D,54/1
PROP-00020,MR-03-01-002,2024-10-15,SALE,Owner_D,Owner_E,55/2
PROP-00021,MR-03-01-003,2024-10-19,SALE,Owner_E,Owner_F,56/3
PROP-00022,MR-03-02-001,2024-10-23,SALE,Owner_D,Owner_E,57/1
PROP-00023,MR-03-02-002,2024-10-27,SALE,Owner_E,Owner_F,58/2
PROP-00024,MR-03-02-003,2024-10-31,SALE,Owner_F,Owner_G,59/3
PROP-00025,MR-03-03-001,2024-11-04,SALE,Owner_E,Owner_F,60/1
PROP-00026,MR-03-03-002,2024-11-08,SALE,Owner_F,Owner_G,61/2
PROP-00027,MR-03-03-003,2024-11-12,SALE,Owner_G,Owner_D,62/3
PROP-00028,MR-04-01-001,2024-11-16,SALE,Owner_D,Owner_E,61/1
PROP-00029,MR-04-01-002,2024-11-20,SALE,Owner_E,Owner_D,62/2
PROP-00030,MR-04-01-003,2024-11-24,SALE,Owner_F,Owner_G,63/3
PROP-00031,MR-04-02-001,2024-11-28,SALE,Owner_E,Owner_D,64/1
PROP-00032,MR-04-02-002,2024-12-02,SALE,Owner_F,Owner_G,65/2
PROP-00033,MR-04-02-003,2024-12-06,SALE,Owner_G,Owner_H,66/3
PROP-00034,MR-04-03-001,2024-12-10,SALE,Owner_F,Owner_G,67/1
PROP-00035,MR-04-03-002,2024-12-14,SALE,Owner_G,Owner_H,68/2
PROP-00036,MR-04-03-003,2024-12-18,SALE,Owner_H,Owner_A,69/3
PROP-00037,MR-05-01-001,2024-12-22,SALE,Owner_E,Owner_F,68/1
PROP-00038,MR-05-01-002,2024-12-26,SALE,Owner_F,Owner_G,69/2
PROP-00039,MR-05-01-003,2024-12-30,SALE,Owner_G,Owner_H,70/3
PROP-00040,MR-05-02-001,2025-01-03,SALE,Owner_F,Owner_G,71/1
PROP-00041,MR-05-02-002,2025-01-07,SALE,Owner_G,Owner_H,72/2
PROP-00042,MR-05-02-003,2025-01-11,SALE,Owner_H,Owner_A,73/3
PROP-00043,MR-05-03-001,2025-01-15,SALE,Owner_G,Owner_H,74/1
PROP-00044,MR-05-03-002,2025-01-19,SALE,Owner_H,Owner_A,75/2
PROP-00045,MR-05-03-003,2025-01-23,SALE,Owner_A,Owner_B,76/3
PROP-00046,MR-06-01-001,2025-01-27,SALE,Owner_F,Owner_G,75/1
PROP-00047,MR-06-01-002,2025-01-31,SALE,Owner_G,Owner_H,76/2
PROP-00048,MR-06-01-003,2025-02-04,SALE,Owner_H,Owner_A,77/3
PROP-00049,MR-06-02-001,2025-02-08,SALE,Owner_G,Owner_H,78/1
PROP-00050,MR-06-02-002,2025-02-12,SALE,Owner_H,Owner_A,79/2
PROP-00051,MR-06-02-003,2025-02-16,SALE,Owner_A,Owner_B,80/3
PROP-00052,MR-06-03-001,2025-02-20,SALE,Owner_H,Owner_A,81/1
PROP-00053,MR-06-03-002,2025-02-24,SALE,Owner_A,Owner_B,82/2
PROP-00054,MR-06-03-003,2025-02-28,SALE,Owner_B,Owner_C,83/3
PROP-00055,MR-07-01-001,2025-03-04,SALE,Owner_G,Owner_H,82/1
PROP-00056,MR-07-01-002,2025-03-08,SALE,Owner_H,Owner_A,83/2
PROP-00057,MR-07-01-003,2025-03-12,SALE,Owner_A,Owner_D,84/3
PROP-00058,MR-07-02-001,2025-03-16,SALE,Owner_H,Owner_A,85/1
PROP-00059,MR-07-02-002,2025-03-20,SALE,Owner_A,Owner_D,86/2
PROP-00060,MR-07-02-003,2025-03-24,SALE,Owner_B,Owner_C,87/3
PROP-00061,MR-07-03-001,2025-03-28,SALE,Owner_A,Owner_D,88/1
PROP-00062,MR-07-03-002,2025-04-01,SALE,Owner_B,Owner_C,89/2
PROP-00063,MR-07-03-003,2025-04-05,SALE,Owner_C,Owner_D,90/3
PROP-00064,MR-08-01-001,2025-04-09,SALE,Owner_H,Owner_A,89/1
PROP-00065,MR-08-01-002,2025-04-13,SALE,Owner_A,Owner_B,90/2
PROP-00066,MR-08-01-003,2025-04-17,SALE,Owner_B,Owner_C,91/3
PROP-00067,MR-08-02-001,2025-04-21,SALE,Owner_A,Owner_B,92/1
PROP-00068,MR-08-02-002,2025-04-25,SALE,Owner_B,Owner_C,93/2
PROP-00069,MR-08-02-003,2025-04-29,SALE,Owner_C,Owner_D,94/3
PROP-00070,MR-08-03-001,2025-05-03,SALE,Owner_B,Owner_C,95/1
PROP-00071,MR-08-03-002,2025-05-07,SALE,Owner_C,Owner_D,96/2
PROP-00072,MR-08-03-003,2025-05-11,SALE,Owner_D,Owner_E,97/3
PROP-00073,MR-09-01-001,2025-05-15,SALE,Owner_A,Owner_B,96/1
PROP-00074,MR-09-01-002,2025-05-19,SALE,Owner_B,Owner_C,97/2
PROP-00075,MR-09-01-003,2025-05-23,SALE,Owner_C,Owner_D,98/3
PROP-00076,MR-09-02-001,2025-05-27,SALE,Owner_B,Owner_C,99/1
PROP-00077,MR-09-02-002,2025-05-31,SALE,Owner_C,Owner_D,40/2
PROP-00078,MR-09-02-003,2025-06-04,SALE,Owner_D,Owner_E,41/3
PROP-00079,MR-09-03-001,2025-06-08,SALE,Owner_C,Owner_D,42/1
PROP-00080,MR-09-03-002,2025-06-12,SALE,Owner_D,Owner_E,43/2
PROP-00081,MR-09-03-003,2025-06-16,SALE,Owner_E,Owner_F,44/3
PROP-00082,MR-10-01-001,2025-06-20,SALE,Owner_B,Owner_C,43/1
PROP-00083,MR-10-01-002,2025-06-24,SALE,Owner_C,Owner_D,44/2
PROP-00084,MR-10-01-003,2025-06-28,SALE,Owner_D,Owner_E,45/3
PROP-00085,MR-10-02-001,2025-07-02,SALE,Owner_C,Owner_D,46/1
PROP-00086,MR-10-02-002,2025-07-06,SALE,Owner_D,Owner_E,47/2
PROP-00087,MR-10-02-003,2025-07-10,SALE,Owner_E,Owner_D,48/3
PROP-00088,MR-10-03-001,2025-07-14,SALE,Owner_D,Owner_E,49/1
PROP-00089,MR-10-03-002,2025-07-18,SALE,Owner_E,Owner_D,50/2
PROP-00090,MR-10-03-003,2025-07-22,SALE,Owner_F,Owner_G,51/3
PROP-00091,MR-11-01-001,2025-07-26,SALE,Owner_C,Owner_D,50/1
PROP-00092,MR-11-01-002,2025-07-30,SALE,Owner_D,Owner_E,51/2
PROP-00093,MR-11-01-003,2025-08-03,SALE,Owner_E,Owner_F,52/3
PROP-00094,MR-11-02-001,2025-08-07,SALE,Owner_D,Owner_E,53/1
PROP-00095,MR-11-02-002,2025-08-11,SALE,Owner_E,Owner_F,54/2
PROP-00096,MR-11-02-003,2025-08-15,SALE,Owner_F,Owner_G,55/3
PROP-00097,MR-11-03-001,2025-08-19,SALE,Owner_E,Owner_F,56/1
PROP-00098,MR-11-03-002,2025-08-23,SALE,Owner_F,Owner_G,57/2
PROP-00099,MR-11-03-003,2025-08-27,SALE,Owner_G,Owner_H,58/3
PROP-00100,MR-12-01-001,2025-08-31,SALE,Owner_D,Owner_E,57/1
PROP-00101,MR-12-01-002,2025-09-04,SALE,Owner_E,Owner_F,58/2
PROP-00102,MR-12-01-003,2025-09-08,SALE,Owner_F,Owner_G,59/3
PROP-00103,MR-12-02-001,2025-09-12,SALE,Owner_E,Owner_F,60/1
PROP-00104,MR-12-02-002,2025-09-16,SALE,Owner_F,Owner_G,61/2
PROP-00105,MR-12-02-003,2025-09-20,SALE,Owner_G,Owner_H,62/3
PROP-00106,MR-12-03-001,2025-09-24,SALE,Owner_F,Owner_G,63/1
PROP-00107,MR-12-03-002,2025-09-28,SALE,Owner_G,Owner_H,64/2
PROP-00108,MR-12-03-003,2025-10-02,SALE,Owner_H,Owner_A,65/3
PROP-00109,MR-13-01-001,2025-10-06,SALE,Owner_E,Owner_F,64/1
PROP-00110,MR-13-01-002,2025-10-10,SALE,Owner_F,Owner_G,65/2
PROP-00111,MR-13-01-003,2025-10-14,SALE,Owner_G,Owner_H,66/3
PROP-00112,MR-13-02-001,2025-10-18,SALE,Owner_F,Owner_G,67/1
PROP-00113,MR-13-02-002,2025-10-22,SALE,Owner_G,Owner_H,68/2
PROP-00114,MR-13-02-003,2025-10-26,SALE,Owner_H,Owner_A,69/3
PROP-00115,MR-13-03-001,2025-10-30,SALE,Owner_G,Owner_H,70/1
PROP-00116,MR-13-03-002,2025-11-03,SALE,Owner_H,Owner_A,71/2
PROP-00117,MR-13-03-003,2025-11-07,SALE,Owner_A,Owner_D,72/3
PROP-00118,MR-14-01-001,2025-11-11,SALE,Owner_F,Owner_G,71/1
PROP-00119,MR-14-01-002,2025-11-15,SALE,Owner_G,Owner_D,72/2
PROP-00120,MR-14-01-003,2025-11-19,SALE,Owner_H,Owner_A,73/3
PROP-00121,MR-14-02-001,2025-11-23,SALE,Owner_G,Owner_D,74/1
PROP-00122,MR-14-02-002,2025-11-27,SALE,Owner_H,Owner_A,75/2
PROP-00123,MR-14-02-003,2025-12-01,SALE,Owner_A,Owner_B,76/3
PROP-00124,MR-14-03-001,2025-12-05,SALE,Owner_H,Owner_A,77/1
PROP-00125,MR-14-03-002,2025-12-09,SALE,Owner_A,Owner_B,78/2
PROP-00126,MR-14-03-003,2025-12-13,SALE,Owner_B,Owner_C,79/3
PROP-00127,MR-15-01-001,2025-12-17,SALE,Owner_G,Owner_H,78/1
PROP-00128,MR-15-01-002,2025-12-21,SALE,Owner_H,Owner_A,79/2
PROP-00129,MR-15-01-003,2025-12-25,SALE,Owner_A,Owner_B,80/3
PROP-00130,MR-15-02-001,2025-12-29,SALE,Owner_H,Owner_A,81/1
PROP-00131,MR-15-02-002,2026-01-02,SALE,Owner_A,Owner_B,82/2
PROP-00132,MR-15-02-003,2026-01-06,SALE,Owner_B,Owner_C,83/3
PROP-00133,MR-15-03-001,2026-01-10,SALE,Owner_A,Owner_B,84/1
PROP-00134,MR-15-03-002,2026-01-14,SALE,Owner_B,Owner_C,85/2
PROP-00135,MR-15-03-003,2026-01-18,SALE,Owner_C,Owner_D,86/3
PROP-00136,MR-16-01-001,2026-01-22,SALE,Owner_H,Owner_A,85/1
PROP-00137,MR-16-01-002,2026-01-26,SALE,Owner_A,Owner_B,86/2
PROP-00138,MR-16-01-003,2026-01-30,SALE,Owner_B,Owner_C,87/3
PROP-00139,MR-16-02-001,2026-02-03,SALE,Owner_A,Owner_B,88/1
PROP-00140,MR-16-02-002,2026-02-07,SALE,Owner_B,Owner_C,89/2
PROP-00141,MR-16-02-003,2026-02-11,SALE,Owner_C,Owner_D,90/3
PROP-00142,MR-16-03-001,2026-02-15,SALE,Owner_B,Owner_C,91/1
PROP-00143,MR-16-03-002,2026-02-19,SALE,Owner_C,Owner_D,92/2
PROP-00144,MR-16-03-003,2026-02-23,SALE,Owner_D,Owner_E,93/3
PROP-00145,MR-17-01-001,2026-02-27,SALE,Owner_A,Owner_B,92/1
PROP-00146,MR-17-01-002,2026-03-03,SALE,Owner_B,Owner_C,93/2
PROP-00147,MR-17-01-003,2026-03-07,SALE,Owner_C,Owner_D,94/3
PROP-00148,MR-17-02-001,2026-03-11,SALE,Owner_B,Owner_C,95/1
PROP-00149,MR-17-02-002,2026-03-15,SALE,Owner_C,Owner_D,96/2
PROP-00150,MR-17-02-003,2026-03-19,SALE,Owner_D,Owner_E,97/3
PROP-00151,MR-17-03-001,2026-03-23,SALE,Owner_C,Owner_D,98/1
PROP-00152,MR-17-03-002,2026-03-27,SALE,Owner_D,Owner_E,99/2
PROP-00153,MR-17-03-003,2026-03-31,SALE,Owner_E,Owner_F,40/3
PROP-00154,MR-18-01-001,2026-04-04,SALE,Owner_B,Owner_C,99/1
PROP-00155,MR-18-01-002,2026-04-08,SALE,Owner_C,Owner_D,40/2
PROP-00156,MR-18-01-003,2026-04-12,SALE,Owner_D,Owner_E,41/3
PROP-00157,MR-18-02-001,2026-04-16,SALE,Owner_C,Owner_D,42/1
PROP-00158,MR-18-02-002,2026-04-20,SALE,Owner_D,Owner_E,43/2
PROP-00159,MR-18-02-003,2026-04-24,SALE,Owner_E,Owner_F,44/3
PROP-00160,MR-18-03-001,2026-04-28,SALE,Owner_D,Owner_E,45/1
PROP-00161,MR-18-03-002,2026-05-02,SALE,Owner_E,Owner_F,46/2
PROP-00162,MR-18-03-003,2026-05-06,SALE,Owner_F,Owner_G,47/3
PROP-00163,MR-19-01-001,2026-05-10,SALE,Owner_C,Owner_D,46/1
PROP-00164,MR-19-01-002,2026-05-14,SALE,Owner_D,Owner_E,47/2
PROP-00165,MR-19-01-003,2026-05-18,SALE,Owner_E,Owner_F,48/3
PROP-00166,MR-19-02-001,2026-05-22,SALE,Owner_D,Owner_E,49/1
PROP-00167,MR-19-02-002,2026-05-26,SALE,Owner_E,Owner_F,50/2
PROP-00168,MR-19-02-003,2026-05-30,SALE,Owner_F,Owner_G,51/3
PROP-00169,MR-19-03-001,2026-06-03,SALE,Owner_E,Owner_F,52/1
PROP-00170,MR-19-03-002,2026-06-07,SALE,Owner_F,Owner_G,53/2
PROP-00171,MR-19-03-003,2026-06-11,SALE,Owner_G,Owner_H,54/3
PROP-00172,MR-20-01-001,2026-06-15,SALE,Owner_D,Owner_E,53/1
PROP-00173,MR-20-01-002,2026-06-19,SALE,Owner_E,Owner_F,54/2
PROP-00174,MR-20-01-003,2026-06-23,SALE,Owner_F,Owner_G,55/3
PROP-00175,MR-20-02-001,2026-06-27,SALE,Owner_E,Owner_F,56/1
PROP-00176,MR-20-02-002,2026-07-01,SALE,Owner_F,Owner_G,57/2
PROP-00177,MR-20-02-003,2026-07-05,SALE,Owner_G,Owner_D,58/3
PROP-00178,MR-20-03-001,2026-07-09,SALE,Owner_F,Owner_G,59/1
PROP-00179,MR-20-03-002,2026-07-13,SALE,Owner_G,Owner_D,60/2
PROP-00180,MR-20-03-003,2026-07-17,SALE,Owner_H,Owner_A,61/3
PROP-00181,MR-21-01-001,2026-07-21,SALE,Owner_E,Owner_D,60/1
PROP-00182,MR-21-01-002,2026-07-25,SALE,Owner_F,Owner_G,61/2
PROP-00183,MR-21-01-003,2026-07-29,SALE,Owner_G,Owner_H,62/3
PROP-00184,MR-21-02-001,2026-08-02,SALE,Owner_F,Owner_G,63/1
PROP-00185,MR-21-02-002,2026-08-06,SALE,Owner_G,Owner_H,64/2
PROP-00186,MR-21-02-003,2026-08-10,SALE,Owner_H,Owner_A,65/3
PROP-00187,MR-21-03-001,2026-08-14,SALE,Owner_G,Owner_H,66/1
PROP-00188,MR-21-03-002,2026-08-18,SALE,Owner_H,Owner_A,67/2
PROP-00189,MR-21-03-003,2026-08-22,SALE,Owner_A,Owner_B,68/3
PROP-00190,MR-22-01-001,2026-08-26,SALE,Owner_F,Owner_G,67/1
PROP-00191,MR-22-01-002,2026-08-30,SALE,Owner_G,Owner_H,68/2
PROP-00192,MR-22-01-003,2026-09-03,SALE,Owner_H,Owner_A,69/3
PROP-00193,MR-22-02-001,2026-09-07,SALE,Owner_G,Owner_H,70/1
PROP-00194,MR-22-02-002,2026-09-11,SALE,Owner_H,Owner_A,71/2
PROP-00195,MR-22-02-003,2026-09-15,SALE,Owner_A,Owner_B,72/3
PROP-00196,MR-22-03-001,2026-09-19,SALE,Owner_H,Owner_A,73/1
PROP-00197,MR-22-03-002,2026-09-23,SALE,Owner_A,Owner_B,74/2
PROP-00198,MR-22-03-003,2026-09-27,SALE,Owner_B,Owner_C,75/3
PROP-00199,MR-23-01-001,2026-10-01,SALE,Owner_G,Owner_H,74/1
PROP-00200,MR-23-01-002,2026-10-05,SALE,Owner_H,Owner_A,75/2
PROP-00201,MR-23-01-003,2026-10-09,SALE,Owner_A,Owner_B,76/3
PROP-00202,MR-23-02-001,2026-10-13,SALE,Owner_H,Owner_A,77/1
PROP-00203,MR-23-02-002,2026-10-17,SALE,Owner_A,Owner_B,78/2
PROP-00204,MR-23-02-003,2026-10-21,SALE,Owner_B,Owner_C,79/3
PROP-00205,MR-23-03-001,2026-10-25,SALE,Owner_A,Owner_B,80/1
PROP-00206,MR-23-03-002,2026-10-29,SALE,Owner_B,Owner_C,81/2
PROP-00207,MR-23-03-003,2026-11-02,SALE,Owner_C,Owner_D,82/3
PROP-00208,MR-24-01-001,2026-11-06,SALE,Owner_H,Owner_A,81/1
PROP-00209,MR-24-01-002,2026-11-10,SALE,Owner_A,Owner_D,82/2
PROP-00210,MR-24-01-003,2026-11-14,SALE,Owner_B,Owner_C,83/3
PROP-00211,MR-24-02-001,2026-11-18,SALE,Owner_A,Owner_D,84/1
PROP-00212,MR-24-02-002,2026-11-22,SALE,Owner_B,Owner_C,85/2
PROP-00213,MR-24-02-003,2026-11-26,SALE,Owner_C,Owner_D,86/3
PROP-00214,MR-24-03-001,2026-11-30,SALE,Owner_B,Owner_C,87/1
PROP-00215,MR-24-03-002,2026-12-04,SALE,Owner_C,Owner_D,88/2
PROP-00216,MR-24-03-003,2026-12-08,SALE,Owner_D,Owner_E,89/3
PROP-00217,MR-25-01-001,2026-12-12,SALE,Owner_A,Owner_B,88/1
PROP-00218,MR-25-01-002,2026-12-16,SALE,Owner_B,Owner_C,89/2
PROP-00219,MR-25-01-003,2026-12-20,SALE,Owner_C,Owner_D,90/3
PROP-00220,MR-25-02-001,2026-12-24,SALE,Owner_B,Owner_C,91/1
PROP-00221,MR-25-02-002,2026-12-28,SALE,Owner_C,Owner_D,92/2
PROP-00222,MR-25-02-003,2027-01-01,SALE,Owner_D,Owner_E,93/3
PROP-00223,MR-25-03-001,2027-01-05,SALE,Owner_C,Owner_D,94/1
PROP-00224,MR-25-03-002,2027-01-09,SALE,Owner_D,Owner_E,95/2
PROP-00225,MR-25-03-003,2027-01-13,SALE,Owner_E,Owner_F,96/3
PROP-00226,MR-26-01-001,2027-01-17,SALE,Owner_B,Owner_C,95/1
PROP-00227,MR-26-01-002,2027-01-21,SALE,Owner_C,Owner_D,96/2
PROP-00228,MR-26-01-003,2027-01-25,SALE,Owner_D,Owner_E,97/3
PROP-00229,MR-26-02-001,2027-01-29,SALE,Owner_C,Owner_D,98/1
PROP-00230,MR-26-02-002,2027-02-02,SALE,Owner_D,Owner_E,99/2
PROP-00231,MR-26-02-003,2027-02-06,SALE,Owner_E,Owner_F,40/3
PROP-00232,MR-26-03-001,2027-02-10,SALE,Owner_D,Owner_E,41/1
PROP-00233,MR-26-03-002,2027-02-14,SALE,Owner_E,Owner_F,42/2
PROP-00234,MR-26-03-003,2027-02-18,SALE,Owner_F,Owner_G,43/3
PROP-00235,MR-27-01-001,2027-02-22,SALE,Owner_C,Owner_D,42/1
PROP-00236,MR-27-01-002,2027-02-26,SALE,Owner_D,Owner_E,43/2
PROP-00237,MR-27-01-003,2027-03-02,SALE,Owner_E,Owner_D,44/3
PROP-00238,MR-27-02-001,2027-03-06,SALE,Owner_D,Owner_E,45/1
PROP-00239,MR-27-02-002,2027-03-10,SALE,Owner_E,Owner_D,46/2
PROP-00240,MR-27-02-003,2027-03-14,SALE,Owner_F,Owner_G,47/3
PROP-00241,MR-27-03-001,2027-03-18,SALE,Owner_E,Owner_D,48/1
PROP-00242,MR-27-03-002,2027-03-22,SALE,Owner_F,Owner_G,49/2
PROP-00243,MR-27-03-003,2027-03-26,SALE,Owner_G,Owner_H,50/3
PROP-00244,MR-28-01-001,2027-03-30,SALE,Owner_D,Owner_E,49/1
PROP-00245,MR-28-01-002,2027-04-03,SALE,Owner_E,Owner_F,50/2
PROP-00246,MR-28-01-003,2027-04-07,SALE,Owner_F,Owner_G,51/3
PROP-00247,MR-28-02-001,2027-04-11,SALE,Owner_E,Owner_F,52/1
PROP-00248,MR-28-02-002,2027-04-15,SALE,Owner_F,Owner_G,53/2
PROP-00249,MR-28-02-003,2027-04-19,SALE,Owner_G,Owner_H,54/3
PROP-00250,MR-28-03-001,2027-04-23,SALE,Owner_F,Owner_G,55/1
PROP-00251,MR-28-03-002,2027-04-27,SALE,Owner_G,Owner_H,56/2
PROP-00252,MR-28-03-003,2027-05-01,SALE,Owner_H,Owner_A,57/3
PROP-00253,MR-29-01-001,2027-05-05,SALE,Owner_E,Owner_F,56/1
PROP-00254,MR-29-01-002,2027-05-09,SALE,Owner_F,Owner_G,57/2
PROP-00255,MR-29-01-003,2027-05-13,SALE,Owner_G,Owner_H,58/3
PROP-00256,MR-29-02-001,2027-05-17,SALE,Owner_F,Owner_G,59/1
PROP-00257,MR-29-02-002,2027-05-21,SALE,Owner_G,Owner_H,60/2
PROP-00258,MR-29-02-003,2027-05-25,SALE,Owner_H,Owner_A,61/3
PROP-00259,MR-29-03-001,2027-05-29,SALE,Owner_G,Owner_H,62/1
PROP-00260,MR-29-03-002,2027-06-02,SALE,Owner_H,Owner_A,63/2
PROP-00261,MR-29-03-003,2027-06-06,SALE,Owner_A,Owner_B,64/3
PROP-00262,MR-30-01-001,2027-06-10,SALE,Owner_F,Owner_G,63/1
PROP-00263,MR-30-01-002,2027-06-14,SALE,Owner_G,Owner_H,64/2
PROP-00264,MR-30-01-003,2027-06-18,SALE,Owner_H,Owner_A,65/3
PROP-00265,MR-30-02-001,2027-06-22,SALE,Owner_G,Owner_H,66/1
PROP-00266,MR-30-02-002,2027-06-26,SALE,Owner_H,Owner_A,67/2
PROP-00267,MR-30-02-003,2027-06-30,SALE,Owner_A,Owner_D,68/3
PROP-00268,MR-30-03-001,2027-07-04,SALE,Owner_H,Owner_A,69/1
PROP-00269,MR-30-03-002,2027-07-08,SALE,Owner_A,Owner_D,70/2
PROP-00270,MR-30-03-003,2027-07-12,SALE,Owner_B,Owner_C,71/3
PROP-00271,MR-31-01-001,2027-07-16,SALE,Owner_G,Owner_D,70/1
PROP-00272,MR-31-01-002,2027-07-20,SALE,Owner_H,Owner_A,71/2
PROP-00273,MR-31-01-003,2027-07-24,SALE,Owner_A,Owner_B,72/3
PROP-00274,MR-31-02-001,2027-07-28,SALE,Owner_H,Owner_A,73/1
PROP-00275,MR-31-02-002,2027-08-01,SALE,Owner_A,Owner_B,74/2
PROP-00276,MR-31-02-003,2027-08-05,SALE,Owner_B,Owner_C,75/3
PROP-00277,MR-31-03-001,2027-08-09,SALE,Owner_A,Owner_B,76/1
PROP-00278,MR-31-03-002,2027-08-13,SALE,Owner_B,Owner_C,77/2
PROP-00279,MR-31-03-003,2027-08-17,SALE,Owner_C,Owner_D,78/3
