property_id,district,taluk,hobli,village,survey_number,surnoc,hissa,khata_number,rtc_owner,extent_acres,land_classification,cultivation
PROP-00001,Bengaluru Urban,Bengaluru North,Hobli-1,Lakshmipura,40/1,1,1,KH-01-01-01,Owner_A,1.5,Agricultural,Rainfed
PROP-00002,Bengaluru Urban,Bengaluru North,Hobli-2,Hulikunte,41/2,1,2,KH-01-01-02,Owner_B,2.0,Agricultural,Rainfed
PROP-00003,Bengaluru Urban,Bengaluru North,Hobli-3,Kallur,42/3,1,3,KH-01-01-03,Owner_C,2.5,Agricultural,Rainfed
PROP-00004,Bengaluru Urban,Bengaluru South,Hobli-1,Hulikunte,43/1,1,1,KH-01-02-01,Owner_B,2.0,Agricultural,Rainfed
PROP-00005,Bengaluru Urban,Bengaluru South,Hobli-2,Kallur,44/2,1,2,KH-01-02-02,Owner_C,2.5,Agricultural,Rainfed
PROP-00006,Bengaluru Urban,Bengaluru South,Hobli-3,Basavanahalli,45/3,1,3,KH-01-02-03,Owner_D,3.0,Agricultural,Rainfed
PROP-00007,Bengaluru Urban,Bengaluru East,Hobli-1,Kallur,46/1,1,1,KH-01-03-01,Owner_C,2.5,Agricultural,Rainfed
PROP-00008,Bengaluru Urban,Bengaluru East,Hobli-2,Basavanahalli,47/2,1,2,KH-01-03-02,Owner_D,3.0,Agricultural,Rainfed
PROP-00009,Bengaluru Urban,Bengaluru East,Hobli-3,Gopalapura,48/3,1,3,KH-01-03-03,Owner_E,3.5,Agricultural,Rainfed
PROP-00010,Mysuru,Mysuru,Hobli-1,Hulikunte,47/1,1,1,KH-02-01-01,Owner_B,2.5,Agricultural,Rainfed
PROP-00011,Mysuru,Mysuru,Hobli-2,Kallur,48/2,1,2,KH-02-01-02,Owner_C,3.0,Agricultural,Rainfed
PROP-00012,Mysuru,Mysuru,Hobli-3,Basavanahalli,49/3,1,3,KH-02-01-03,Owner_D,3.5,Agricultural,Rainfed
PROP-00013,Mysuru,Hunsur,Hobli-1,Kallur,50/1,1,1,KH-02-02-01,Owner_C,3.0,Agricultural,Rainfed
PROP-00014,Mysuru,Hunsur,Hobli-2,Basavanahalli,51/2,1,2,KH-02-02-02,Owner_D,3.5,Agricultural,Rainfed
PROP-00015,Mysuru,Hunsur,Hobli-3,Gopalapura,52/3,1,3,KH-02-02-03,Owner_E,4.0,Agricultural,Rainfed
PROP-00016,Mysuru,Nanjangud,Hobli-1,Basavanahalli,53/1,1,1,KH-02-03-01,Owner_D,3.5,Agricultural,Rainfed
PROP-00017,Mysuru,Nanjangud,Hobli-2,Gopalapura,54/2,1,2,KH-02-03-02,Owner_E,4.0,Agricultural,Rainfed
PROP-00018,Mysuru,Nanjangud,Hobli-3,Naganahalli,55/3,1,3,KH-02-03-03,Owner_F,4.5,Agricultural,Rainfed
PROP-00019,Mandya,Mandya,Hobli-1,Kallur,54/1,1,1,KH-03-01-01,Owner_C,3.5,Agricultural,Rainfed
PROP-00020,Mandya,Mandya,Hobli-2,Basavanahalli,55/2,1,2,KH-03-01-02,Owner_D,4.0,Agricultural,Rainfed
PROP-00021,Mandya,Mandya,Hobli-3,Gopalapura,56/3,1,3,KH-03-01-03,Owner_E,4.5,Agricultural,Rainfed
PROP-00022,Mandya,Maddur,Hobli-1,Basavanahalli,57/1,1,1,KH-03-02-01,Owner_D,4.0,Agricultural,Rainfed
PROP-00023,Mandya,Maddur,Hobli-2,Gopalapura,58/2,1,2,KH-03-02-02,Owner_E,4.5,Agricultural,Rainfed
PROP-00024,Mandya,Maddur,Hobli-3,Naganahalli,59/3,1,3,KH-03-02-03,Owner_F,5.0,Agricultural,Rainfed
PROP-00025,Mandya,Srirangapatna,Hobli-1,Gopalapura,60/1,1,1,KH-03-03-01,Owner_E,4.5,Agricultural,Rainfed
PROP-00026,Mandya,Srirangapatna,Hobli-2,Naganahalli,61/2,1,2,KH-03-03-02,Owner_F,5.0,Agricultural,Rainfed
PROP-00027,Mandya,Srirangapatna,Hobli-3,Kempapura,62/3,1,3,KH-03-03-03,Owner_G,5.5,Agricultural,Rainfed
PROP-00028,Hassan,Hassan,Hobli-1,Basavanahalli,61/1,1,1,KH-04-01-01,Owner_D,4.5,Agricultural,Rainfed
PROP-00029,Hassan,Hassan,Hobli-2,Gopalapura,62/2,1,2,KH-04-01-02,Owner_E,5.0,Agricultural,Rainfed
PROP-00030,Hassan,Hassan,Hobli-3,Naganahalli,63/3,1,3,KH-04-01-03,Owner_F,5.5,Agricultural,Rainfed
PROP-00031,Hassan,Arsikere,Hobli-1,Gopalapura,64/1,1,1,KH-04-02-01,Owner_E,5.0,Agricultural,Rainfed
PROP-00032,Hassan,Arsikere,Hobli-2,Naganahalli,65/2,1,2,KH-04-02-02,Owner_F,5.5,Agricultural,Rainfed
PROP-00033,Hassan,Arsikere,Hobli-3,Kempapura,66/3,1,3,KH-04-02-03,Owner_G,6.0,Agricultural,Rainfed
PROP-00034,Hassan,Sakleshpur,Hobli-1,Naganahalli,67/1,1,1,KH-04-03-01,Owner_F,5.5,Agricultural,Rainfed
PROP-00035,Hassan,Sakleshpur,Hobli-2,Kempapura,68/2,1,2,KH-04-03-02,Owner_G,6.0,Agricultural,Rainfed
PROP-00036,Hassan,Sakleshpur,Hobli-3,Hosahalli,69/3,1,3,KH-04-03-03,Owner_H,1.5,Agricultural,Rainfed
PROP-00037,Tumakuru,Tumakuru,Hobli-1,Gopalapura,68/1,1,1,KH-05-01-01,Owner_E,5.5,Agricultural,Rainfed
PROP-00038,Tumakuru,Tumakuru,Hobli-2,Naganahalli,69/2,1,2,KH-05-01-02,Owner_F,6.0,Agricultural,Rainfed
PROP-00039,Tumakuru,Tumakuru,Hobli-3,Kempapura,70/3,1,3,KH-05-01-03,Owner_G,1.5,Agricultural,Rainfed
PROP-00040,Tumakuru,Sira,Hobli-1,Naganahalli,71/1,1,1,KH-05-02-01,Owner_F,6.0,Agricultural,Rainfed
PROP-00041,Tumakuru,Sira,Hobli-2,Kempapura,72/2,1,2,KH-05-02-02,Owner_G,1.5,Agricultural,Rainfed
PROP-00042,Tumakuru,Sira,Hobli-3,Hosahalli,73/3,1,3,KH-05-02-03,Owner_H,2.0,Agricultural,Rainfed
PROP-00043,Tumakuru,Kunigal,Hobli-1,Kempapura,74/1,1,1,KH-05-03-01,Owner_G,1.5,Agricultural,Rainfed
PROP-00044,Tumakuru,Kunigal,Hobli-2,Hosahalli,75/2,1,2,KH-05-03-02,Owner_H,2.0,Agricultural,Rainfed
PROP-00045,Tumakuru,Kunigal,Hobli-3,Lakshmipura,76/3,1,3,KH-05-03-03,Owner_A,2.5,Agricultural,Rainfed
PROP-00046,Shivamogga,Shivamogga,Hobli-1,Naganahalli,75/1,1,1,KH-06-01-01,Owner_F,1.5,Agricultural,Rainfed
PROP-00047,Shivamogga,Shivamogga,Hobli-2,Kempapura,76/2,1,2,KH-06-01-02,Owner_G,2.0,Agricultural,Rainfed
PROP-00048,Shivamogga,Shivamogga,Hobli-3,Hosahalli,77/3,1,3,KH-06-01-03,Owner_H,2.5,Agricultural,Rainfed
PROP-00049,Shivamogga,Sagar,Hobli-1,Kempapura,78/1,1,1,KH-06-02-01,Owner_G,2.0,Agricultural,Rainfed
PROP-00050,Shivamogga,Sagar,Hobli-2,Hosahalli,79/2,1,2,KH-06-02-02,Owner_H,2.5,Agricultural,Rainfed
PROP-00051,Shivamogga,Sagar,Hobli-3,Lakshmipura,80/3,1,3,KH-06-02-03,Owner_A,3.0,Agricultural,Rainfed
PROP-00052,Shivamogga,Bhadravati,Hobli-1,Hosahalli,81/1,1,1,KH-06-03-01,Owner_H,2.5,Agricultural,Rainfed
PROP-00053,Shivamogga,Bhadravati,Hobli-2,Lakshmipura,82/2,1,2,KH-06-03-02,Owner_A,3.0,Agricultural,Rainfed
PROP-00054,Shivamogga,Bhadravati,Hobli-3,Hulikunte,83/3,1,3,KH-06-03-03,Owner_B,3.5,Agricultural,Rainfed
PROP-00055,Belagavi,Belagavi,Hobli-1,Kempapura,82/1,1,1,KH-07-01-01,Owner_G,2.5,Agricultural,Rainfed
PROP-00056,Belagavi,Belagavi,Hobli-2,Hosahalli,83/2,1,2,KH-07-01-02,Owner_H,3.0,Agricultural,Rainfed
PROP-00057,Belagavi,Belagavi,Hobli-3,Lakshmipura,84/3,1,3,KH-07-01-03,Owner_A,3.5,Agricultural,Rainfed
PROP-00058,Belagavi,Gokak,Hobli-1,Hosahalli,85/1,1,1,KH-07-02-01,Owner_H,3.0,Agricultural,Rainfed
PROP-00059,Belagavi,Gokak,Hobli-2,Lakshmipura,86/2,1,2,KH-07-02-02,Owner_A,3.5,Agricultural,Rainfed
PROP-00060,Belagavi,Gokak,Hobli-3,Hulikunte,87/3,1,3,KH-07-02-03,Owner_B,4.0,Agricultural,Rainfed
PROP-00061,Belagavi,Bailhongal,Hobli-1,Lakshmipura,88/1,1,1,KH-07-03-01,Owner_A,3.5,Agricultural,Rainfed
PROP-00062,Belagavi,Bailhongal,Hobli-2,Hulikunte,89/2,1,2,KH-07-03-02,Owner_B,4.0,Agricultural,Rainfed
PROP-00063,Belagavi,Bailhongal,Hobli-3,Kallur,90/3,1,3,KH-07-03-03,Owner_C,4.5,Agricultural,Rainfed
PROP-00064,Dharwad,Dharwad,Hobli-1,Hosahalli,89/1,1,1,KH-08-01-01,Owner_H,3.5,Agricultural,Rainfed
PROP-00065,Dharwad,Dharwad,Hobli-2,Lakshmipura,90/2,1,2,KH-08-01-02,Owner_A,4.0,Agricultural,Rainfed
PROP-00066,Dharwad,Dharwad,Hobli-3,Hulikunte,91/3,1,3,KH-08-01-03,Owner_B,4.5,Agricultural,Rainfed
PROP-00067,Dharwad,Hubballi,Hobli-1,Lakshmipura,92/1,1,1,KH-08-02-01,Owner_A,4.0,Agricultural,Rainfed
PROP-00068,Dharwad,Hubballi,Hobli-2,Hulikunte,93/2,1,2,KH-08-02-02,Owner_B,4.5,Agricultural,Rainfed
PROP-00069,Dharwad,Hubballi,Hobli-3,Kallur,94/3,1,3,KH-08-02-03,Owner_C,5.0,Agricultural,Rainfed
PROP-00070,Dharwad,Kalghatgi,Hobli-1,Hulikunte,95/1,1,1,KH-08-03-01,Owner_B,4.5,Agricultural,Rainfed
PROP-00071,Dharwad,Kalghatgi,Hobli-2,Kallur,96/2,1,2,KH-08-03-02,Owner_C,5.0,Agricultural,Rainfed
PROP-00072,Dharwad,Kalghatgi,Hobli-3,Basavanahalli,97/3,1,3,KH-08-03-03,Owner_D,5.5,Agricultural,Rainfed
PROP-00073,Udupi,Udupi,Hobli-1,Lakshmipura,96/1,1,1,KH-09-01-01,Owner_A,4.5,Agricultural,Rainfed
PROP-00074,Udupi,Udupi,Hobli-2,Hulikunte,97/2,1,2,KH-09-01-02,Owner_B,5.0,Agricultural,Rainfed
PROP-00075,Udupi,Udupi,Hobli-3,Kallur,98/3,1,3,KH-09-01-03,Owner_C,5.5,Agricultural,Rainfed
PROP-00076,Udupi,Kundapura,Hobli-1,Hulikunte,99/1,1,1,KH-09-02-01,Owner_B,5.0,Agricultural,Rainfed
PROP-00077,Udupi,Kundapura,Hobli-2,Kallur,40/2,1,2,KH-09-02-02,Owner_C,5.5,Agricultural,Rainfed
PROP-00078,Udupi,Kundapura,Hobli-3,Basavanahalli,41/3,1,3,KH-09-02-03,Owner_D,6.0,Agricultural,Rainfed
PROP-00079,Udupi,Karkala,Hobli-1,Kallur,42/1,1,1,KH-09-03-01,Owner_C,5.5,Agricultural,Rainfed
PROP-00080,Udupi,Karkala,Hobli-2,Basavanahalli,43/2,1,2,KH-09-03-02,Owner_D,6.0,Agricultural,Rainfed
PROP-00081,Udupi,Karkala,Hobli-3,Gopalapura,44/3,1,3,KH-09-03-03,Owner_E,1.5,Agricultural,Rainfed
PROP-00082,Dakshina Kannada,Mangaluru,Hobli-1,Hulikunte,43/1,1,1,KH-10-01-01,Owner_B,5.5,Agricultural,Rainfed
PROP-00083,Dakshina Kannada,Mangaluru,Hobli-2,Kallur,44/2,1,2,KH-10-01-02,Owner_C,6.0,Agricultural,Rainfed
PROP-00084,Dakshina Kannada,Mangaluru,Hobli-3,Basavanahalli,45/3,1,3,KH-10-01-03,Owner_D,1.5,Agricultural,Rainfed
PROP-00085,Dakshina Kannada,Bantwal,Hobli-1,Kallur,46/1,1,1,KH-10-02-01,Owner_C,6.0,Agricultural,Rainfed
PROP-00086,Dakshina Kannada,Bantwal,Hobli-2,Basavanahalli,47/2,1,2,KH-10-02-02,Owner_D,1.5,Agricultural,Rainfed
PROP-00087,Dakshina Kannada,Bantwal,Hobli-3,Gopalapura,48/3,1,3,KH-10-02-03,Owner_E,2.0,Agricultural,Rainfed
PROP-00088,Dakshina Kannada,Puttur,Hobli-1,Basavanahalli,49/1,1,1,KH-10-03-01,Owner_D,1.5,Agricultural,Rainfed
PROP-00089,Dakshina Kannada,Puttur,Hobli-2,Gopalapura,50/2,1,2,KH-10-03-02,Owner_E,2.0,Agricultural,Rainfed
PROP-00090,Dakshina Kannada,Puttur,Hobli-3,Naganahalli,51/3,1,3,KH-10-03-03,Owner_F,2.5,Agricultural,Rainfed
PROP-00091,Kodagu,Madikeri,Hobli-1,Kallur,50/1,1,1,KH-11-01-01,Owner_C,1.5,Agricultural,Rainfed
PROP-00092,Kodagu,Madikeri,Hobli-2,Basavanahalli,51/2,1,2,KH-11-01-02,Owner_D,2.0,Agricultural,Rainfed
PROP-00093,Kodagu,Madikeri,Hobli-3,Gopalapura,52/3,1,3,KH-11-01-03,Owner_E,2.5,Agricultural,Rainfed
PROP-00094,Kodagu,Virajpet,Hobli-1,Basavanahalli,53/1,1,1,KH-11-02-01,Owner_D,2.0,Agricultural,Rainfed
PROP-00095,Kodagu,Virajpet,Hobli-2,Gopalapura,54/2,1,2,KH-11-02-02,Owner_E,2.5,Agricultural,Rainfed
PROP-00096,Kodagu,Virajpet,Hobli-3,Naganahalli,55/3,1,3,KH-11-02-03,Owner_F,3.0,Agricultural,Rainfed
PROP-00097,Kodagu,Somwarpet,Hobli-1,Gopalapura,56/1,1,1,KH-11-03-01,Owner_E,2.5,Agricultural,Rainfed
PROP-00098,Kodagu,Somwarpet,Hobli-2,Naganahalli,57/2,1,2,KH-11-03-02,Owner_F,3.0,Agricultural,Rainfed
PROP-00099,Kodagu,Somwarpet,Hobli-3,Kempapura,58/3,1,3,KH-11-03-03,Owner_G,3.5,Agricultural,Rainfed
PROP-00100,Chikkamagaluru,Chikkamagaluru,Hobli-1,Basavanahalli,57/1,1,1,KH-12-01-01,Owner_D,2.5,Agricultural,Rainfed
PROP-00101,Chikkamagaluru,Chikkamagaluru,Hobli-2,Gopalapura,58/2,1,2,KH-12-01-02,Owner_E,3.0,Agricultural,Rainfed
PROP-00102,Chikkamagaluru,Chikkamagaluru,Hobli-3,Naganahalli,59/3,1,3,KH-12-01-03,Owner_F,3.5,Agricultural,Rainfed
PROP-00103,Chikkamagaluru,Kadur,Hobli-1,Gopalapura,60/1,1,1,KH-12-02-01,Owner_E,3.0,Agricultural,Rainfed
PROP-00104,Chikkamagaluru,Kadur,Hobli-2,Naganahalli,61/2,1,2,KH-12-02-02,Owner_F,3.5,Agricultural,Rainfed
PROP-00105,Chikkamagaluru,Kadur,Hobli-3,Kempapura,62/3,1,3,KH-12-02-03,Owner_G,4.0,Agricultural,Rainfed
PROP-00106,Chikkamagaluru,Mudigere,Hobli-1,Naganahalli,63/1,1,1,KH-12-03-01,Owner_F,3.5,Agricultural,Rainfed
PROP-00107,Chikkamagaluru,Mudigere,Hobli-2,Kempapura,64/2,1,2,KH-12-03-02,Owner_G,4.0,Agricultural,Rainfed
PROP-00108,Chikkamagaluru,Mudigere,Hobli-3,Hosahalli,65/3,1,3,KH-12-03-03,Owner_H,4.5,Agricultural,Rainfed
PROP-00109,Ballari,Ballari,Hobli-1,Gopalapura,64/1,1,1,KH-13-01-01,Owner_E,3.5,Agricultural,Rainfed
PROP-00110,Ballari,Ballari,Hobli-2,Naganahalli,65/2,1,2,KH-13-01-02,Owner_F,4.0,Agricultural,Rainfed
PROP-00111,Ballari,Ballari,Hobli-3,Kempapura,66/3,1,3,KH-13-01-03,Owner_G,4.5,Agricultural,Rainfed
PROP-00112,Ballari,Hospet,Hobli-1,Naganahalli,67/1,1,1,KH-13-02-01,Owner_F,4.0,Agricultural,Rainfed
PROP-00113,Ballari,Hospet,Hobli-2,Kempapura,68/2,1,2,KH-13-02-02,Owner_G,4.5,Agricultural,Rainfed
PROP-00114,Ballari,Hospet,Hobli-3,Hosahalli,69/3,1,3,KH-13-02-03,Owner_H,5.0,Agricultural,Rainfed
PROP-00115,Ballari,Siruguppa,Hobli-1,Kempapura,70/1,1,1,KH-13-03-01,Owner_G,4.5,Agricultural,Rainfed
PROP-00116,Ballari,Siruguppa,Hobli-2,Hosahalli,71/2,1,2,KH-13-03-02,Owner_H,5.0,Agricultural,Rainfed
PROP-00117,Ballari,Siruguppa,Hobli-3,Lakshmipura,72/3,1,3,KH-13-03-03,Owner_A,5.5,Agricultural,Rainfed
PROP-00118,Vijayapura,Vijayapura,Hobli-1,Naganahalli,71/1,1,1,KH-14-01-01,Owner_F,4.5,Agricultural,Rainfed
PROP-00119,Vijayapura,Vijayapura,Hobli-2,Kempapura,72/2,1,2,KH-14-01-02,Owner_G,5.0,Agricultural,Rainfed
PROP-00120,Vijayapura,Vijayapura,Hobli-3,Hosahalli,73/3,1,3,KH-14-01-03,Owner_H,5.5,Agricultural,Rainfed
PROP-00121,Vijayapura,Indi,Hobli-1,Kempapura,74/1,1,1,KH-14-02-01,Owner_G,5.0,Agricultural,Rainfed
PROP-00122,Vijayapura,Indi,Hobli-2,Hosahalli,75/2,1,2,KH-14-02-02,Owner_H,5.5,Agricultural,Rainfed
PROP-00123,Vijayapura,Indi,Hobli-3,Lakshmipura,76/3,1,3,KH-14-02-03,Owner_A,6.0,Agricultural,Rainfed
PROP-00124,Vijayapura,Sindagi,Hobli-1,Hosahalli,77/1,1,1,KH-14-03-01,Owner_H,5.5,Agricultural,Rainfed
PROP-00125,Vijayapura,Sindagi,Hobli-2,Lakshmipura,78/2,1,2,KH-14-03-02,Owner_A,6.0,Agricultural,Rainfed
PROP-00126,Vijayapura,Sindagi,Hobli-3,Hulikunte,79/3,1,3,KH-14-03-03,Owner_B,1.5,Agricultural,Rainfed
PROP-00127,Kalaburagi,Kalaburagi,Hobli-1,Kempapura,78/1,1,1,KH-15-01-01,Owner_G,5.5,Agricultural,Rainfed
PROP-00128,Kalaburagi,Kalaburagi,Hobli-2,Hosahalli,79/2,1,2,KH-15-01-02,Owner_H,6.0,Agricultural,Rainfed
PROP-00129,Kalaburagi,Kalaburagi,Hobli-3,Lakshmipura,80/3,1,3,KH-15-01-03,Owner_A,1.5,Agricultural,Rainfed
PROP-00130,Kalaburagi,Aland,Hobli-1,Hosahalli,81/1,1,1,KH-15-02-01,Owner_H,6.0,Agricultural,Rainfed
PROP-00131,Kalaburagi,Aland,Hobli-2,Lakshmipura,82/2,1,2,KH-15-02-02,Owner_A,1.5,Agricultural,Rainfed
PROP-00132,Kalaburagi,Aland,Hobli-3,Hulikunte,83/3,1,3,KH-15-02-03,Owner_B,2.0,Agricultural,Rainfed
PROP-00133,Kalaburagi,Chittapur,Hobli-1,Lakshmipura,84/1,1,1,KH-15-03-01,Owner_A,1.5,Agricultural,Rainfed
PROP-00134,Kalaburagi,Chittapur,Hobli-2,Hulikunte,85/2,1,2,KH-15-03-02,Owner_B,2.0,Agricultural,Rainfed
PROP-00135,Kalaburagi,Chittapur,Hobli-3,Kallur,86/3,1,3,KH-15-03-03,Owner_C,2.5,Agricultural,Rainfed
PROP-00136,Raichur,Raichur,Hobli-1,Hosahalli,85/1,1,1,KH-16-01-01,Owner_H,1.5,Agricultural,Rainfed
PROP-00137,Raichur,Raichur,Hobli-2,Lakshmipura,86/2,1,2,KH-16-01-02,Owner_A,2.0,Agricultural,Rainfed
PROP-00138,Raichur,Raichur,Hobli-3,Hulikunte,87/3,1,3,KH-16-01-03,Owner_B,2.5,Agricultural,Rainfed
PROP-00139,Raichur,Manvi,Hobli-1,Lakshmipura,88/1,1,1,KH-16-02-01,Owner_A,2.0,Agricultural,Rainfed
PROP-00140,Raichur,Manvi,Hobli-2,Hulikunte,89/2,1,2,KH-16-02-02,Owner_B,2.5,Agricultural,Rainfed
PROP-00141,Raichur,Manvi,Hobli-3,Kallur,90/3,1,3,KH-16-02-03,Owner_C,3.0,Agricultural,Rainfed
PROP-00142,Raichur,Sindhanur,Hobli-1,Hulikunte,91/1,1,1,KH-16-03-01,Owner_B,2.5,Agricultural,Rainfed
PROP-00143,Raichur,Sindhanur,Hobli-2,Kallur,92/2,1,2,KH-16-03-02,Owner_C,3.0,Agricultural,Rainfed
PROP-00144,Raichur,Sindhanur,Hobli-3,Basavanahalli,93/3,1,3,KH-16-03-03,Owner_D,3.5,Agricultural,Rainfed
PROP-00145,Koppal,Koppal,Hobli-1,Lakshmipura,92/1,1,1,KH-17-01-01,Owner_A,2.5,Agricultural,Rainfed
PROP-00146,Koppal,Koppal,Hobli-2,Hulikunte,93/2,1,2,KH-17-01-02,Owner_B,3.0,Agricultural,Rainfed
PROP-00147,Koppal,Koppal,Hobli-3,Kallur,94/3,1,3,KH-17-01-03,Owner_C,3.5,Agricultural,Rainfed
PROP-00148,Koppal,Gangavathi,Hobli-1,Hulikunte,95/1,1,1,KH-17-02-01,Owner_B,3.0,Agricultural,Rainfed
PROP-00149,Koppal,Gangavathi,Hobli-2,Kallur,96/2,1,2,KH-17-02-02,Owner_C,3.5,Agricultural,Rainfed
PROP-00150,Koppal,Gangavathi,Hobli-3,Basavanahalli,97/3,1,3,KH-17-02-03,Owner_D,4.0,Agricultural,Rainfed
PROP-00151,Koppal,Yelburga,Hobli-1,Kallur,98/1,1,1,KH-17-03-01,Owner_C,3.5,Agricultural,Rainfed
PROP-00152,Koppal,Yelburga,Hobli-2,Basavanahalli,99/2,1,2,KH-17-03-02,Owner_D,4.0,Agricultural,Rainfed
PROP-00153,Koppal,Yelburga,Hobli-3,Gopalapura,40/3,1,3,KH-17-03-03,Owner_E,4.5,Agricultural,Rainfed
PROP-00154,Bidar,Bidar,Hobli-1,Hulikunte,99/1,1,1,KH-18-01-01,Owner_B,3.5,Agricultural,Rainfed
PROP-00155,Bidar,Bidar,Hobli-2,Kallur,40/2,1,2,KH-18-01-02,Owner_C,4.0,Agricultural,Rainfed
PROP-00156,Bidar,Bidar,Hobli-3,Basavanahalli,41/3,1,3,KH-18-01-03,Owner_D,4.5,Agricultural,Rainfed
PROP-00157,Bidar,Bhalki,Hobli-1,Kallur,42/1,1,1,KH-18-02-01,Owner_C,4.0,Agricultural,Rainfed
PROP-00158,Bidar,Bhalki,Hobli-2,Basavanahalli,43/2,1,2,KH-18-02-02,Owner_D,4.5,Agricultural,Rainfed
PROP-00159,Bidar,Bhalki,Hobli-3,Gopalapura,44/3,1,3,KH-18-02-03,Owner_E,5.0,Agricultural,Rainfed
PROP-00160,Bidar,Basavakalyan,Hobli-1,Basavanahalli,45/1,1,1,KH-18-03-01,Owner_D,4.5,Agricultural,Rainfed
PROP-00161,Bidar,Basavakalyan,Hobli-2,Gopalapura,46/2,1,2,KH-18-03-02,Owner_E,5.0,Agricultural,Rainfed
PROP-00162,Bidar,Basavakalyan,Hobli-3,Naganahalli,47/3,1,3,KH-18-03-03,Owner_F,5.5,Agricultural,Rainfed
PROP-00163,Chitradurga,Chitradurga,Hobli-1,Kallur,46/1,1,1,KH-19-01-01,Owner_C,4.5,Agricultural,Rainfed
PROP-00164,Chitradurga,Chitradurga,Hobli-2,Basavanahalli,47/2,1,2,KH-19-01-02,Owner_D,5.0,Agricultural,Rainfed
PROP-00165,Chitradurga,Chitradurga,Hobli-3,Gopalapura,48/3,1,3,KH-19-01-03,Owner_E,5.5,Agricultural,Rainfed
PROP-00166,Chitradurga,Hiriyur,Hobli-1,Basavanahalli,49/1,1,1,KH-19-02-01,Owner_D,5.0,Agricultural,Rainfed
PROP-00167,Chitradurga,Hiriyur,Hobli-2,Gopalapura,50/2,1,2,KH-19-02-02,Owner_E,5.5,Agricultural,Rainfed
PROP-00168,Chitradurga,Hiriyur,Hobli-3,Naganahalli,51/3,1,3,KH-19-02-03,Owner_F,6.0,Agricultural,Rainfed
PROP-00169,Chitradurga,Holalkere,Hobli-1,Gopalapura,52/1,1,1,KH-19-03-01,Owner_E,5.5,Agricultural,Rainfed
PROP-00170,Chitradurga,Holalkere,Hobli-2,Naganahalli,53/2,1,2,KH-19-03-02,Owner_F,6.0,Agricultural,Rainfed
PROP-00171,Chitradurga,Holalkere,Hobli-3,Kempapura,54/3,1,3,KH-19-03-03,Owner_G,1.5,Agricultural,Rainfed
PROP-00172,Chikkaballapur,Chikkaballapur,Hobli-1,Basavanahalli,53/1,1,1,KH-20-01-01,Owner_D,5.5,Agricultural,Rainfed
PROP-00173,Chikkaballapur,Chikkaballapur,Hobli-2,Gopalapura,54/2,1,2,KH-20-01-02,Owner_E,6.0,Agricultural,Rainfed
PROP-00174,Chikkaballapur,Chikkaballapur,Hobli-3,Naganahalli,55/3,1,3,KH-20-01-03,Owner_F,1.5,Agricultural,Rainfed
PROP-00175,Chikkaballapur,Sidlaghatta,Hobli-1,Gopalapura,56/1,1,1,KH-20-02-01,Owner_E,6.0,Agricultural,Rainfed
PROP-00176,Chikkaballapur,Sidlaghatta,Hobli-2,Naganahalli,57/2,1,2,KH-20-02-02,Owner_F,1.5,Agricultural,Rainfed
PROP-00177,Chikkaballapur,Sidlaghatta,Hobli-3,Kempapura,58/3,1,3,KH-20-02-03,Owner_G,2.0,Agricultural,Rainfed
PROP-00178,Chikkaballapur,Chintamani,Hobli-1,Naganahalli,59/1,1,1,KH-20-03-01,Owner_F,1.5,Agricultural,Rainfed
PROP-00179,Chikkaballapur,Chintamani,Hobli-2,Kempapura,60/2,1,2,KH-20-03-02,Owner_G,2.0,Agricultural,Rainfed
PROP-00180,Chikkaballapur,Chintamani,Hobli-3,Hosahalli,61/3,1,3,KH-20-03-03,Owner_H,2.5,Agricultural,Rainfed
PROP-00181,Ramanagara,Ramanagara,Hobli-1,Gopalapura,60/1,1,1,KH-21-01-01,Owner_E,1.5,Agricultural,Rainfed
PROP-00182,Ramanagara,Ramanagara,Hobli-2,Naganahalli,61/2,1,2,KH-21-01-02,Owner_F,2.0,Agricultural,Rainfed
PROP-00183,Ramanagara,Ramanagara,Hobli-3,Kempapura,62/3,1,3,KH-21-01-03,Owner_G,2.5,Agricultural,Rainfed
PROP-00184,Ramanagara,Channapatna,Hobli-1,Naganahalli,63/1,1,1,KH-21-02-01,Owner_F,2.0,Agricultural,Rainfed
PROP-00185,Ramanagara,Channapatna,Hobli-2,Kempapura,64/2,1,2,KH-21-02-02,Owner_G,2.5,Agricultural,Rainfed
PROP-00186,Ramanagara,Channapatna,Hobli-3,Hosahalli,65/3,1,3,KH-21-02-03,Owner_H,3.0,Agricultural,Rainfed
PROP-00187,Ramanagara,Kanakapura,Hobli-1,Kempapura,66/1,1,1,KH-21-03-01,Owner_G,2.5,Agricultural,Rainfed
PROP-00188,Ramanagara,Kanakapura,Hobli-2,Hosahalli,67/2,1,2,KH-21-03-02,Owner_H,3.0,Agricultural,Rainfed
PROP-00189,Ramanagara,Kanakapura,Hobli-3,Lakshmipura,68/3,1,3,KH-21-03-03,Owner_A,3.5,Agricultural,Rainfed
PROP-00190,Kolar,Kolar,Hobli-1,Naganahalli,67/1,1,1,KH-22-01-01,Owner_F,2.5,Agricultural,Rainfed
PROP-00191,Kolar,Kolar,Hobli-2,Kempapura,68/2,1,2,KH-22-01-02,Owner_G,3.0,Agricultural,Rainfed
PROP-00192,Kolar,Kolar,Hobli-3,Hosahalli,69/3,1,3,KH-22-01-03,Owner_H,3.5,Agricultural,Rainfed
PROP-00193,Kolar,Malur,Hobli-1,Kempapura,70/1,1,1,KH-22-02-01,Owner_G,3.0,Agricultural,Rainfed
PROP-00194,Kolar,Malur,Hobli-2,Hosahalli,71/2,1,2,KH-22-02-02,Owner_H,3.5,Agricultural,Rainfed
PROP-00195,Kolar,Malur,Hobli-3,Lakshmipura,72/3,1,3,KH-22-02-03,Owner_A,4.0,Agricultural,Rainfed
PROP-00196,Kolar,Bangarapet,Hobli-1,Hosahalli,73/1,1,1,KH-22-03-01,Owner_H,3.5,Agricultural,Rainfed
PROP-00197,Kolar,Bangarapet,Hobli-2,Lakshmipura,74/2,1,2,KH-22-03-02,Owner_A,4.0,Agricultural,Rainfed
PROP-00198,Kolar,Bangarapet,Hobli-3,Hulikunte,75/3,1,3,KH-22-03-03,Owner_B,4.5,Agricultural,Rainfed
PROP-00199,Yadgir,Yadgir,Hobli-1,Kempapura,74/1,1,1,KH-23-01-01,Owner_G,3.5,Agricultural,Rainfed
PROP-00200,Yadgir,Yadgir,Hobli-2,Hosahalli,75/2,1,2,KH-23-01-02,Owner_H,4.0,Agricultural,Rainfed
PROP-00201,Yadgir,Yadgir,Hobli-3,Lakshmipura,76/3,1,3,KH-23-01-03,Owner_A,4.5,Agricultural,Rainfed
PROP-00202,Yadgir,Shahapur,Hobli-1,Hosahalli,77/1,1,1,KH-23-02-01,Owner_H,4.0,Agricultural,Rainfed
PROP-00203,Yadgir,Shahapur,Hobli-2,Lakshmipura,78/2,1,2,KH-23-02-02,Owner_A,4.5,Agricultural,Rainfed
PROP-00204,Yadgir,Shahapur,Hobli-3,Hulikunte,79/3,1,3,KH-23-02-03,Owner_B,5.0,Agricultural,Rainfed
PROP-00205,Yadgir,Surpur,Hobli-1,Lakshmipura,80/1,1,1,KH-23-03-01,Owner_A,4.5,Agricultural,Rainfed
PROP-00206,Yadgir,Surpur,Hobli-2,Hulikunte,81/2,1,2,KH-23-03-02,Owner_B,5.0,Agricultural,Rainfed
PROP-00207,Yadgir,Surpur,Hobli-3,Kallur,82/3,1,3,KH-23-03-03,Owner_C,5.5,Agricultural,Rainfed
PROP-00208,Gadag,Gadag,Hobli-1,Hosahalli,81/1,1,1,KH-24-01-01,Owner_H,4.5,Agricultural,Rainfed
PROP-00209,Gadag,Gadag,Hobli-2,Lakshmipura,82/2,1,2,KH-24-01-02,Owner_A,5.0,Agricultural,Rainfed
PROP-00210,Gadag,Gadag,Hobli-3,Hulikunte,83/3,1,3,KH-24-01-03,Owner_B,5.5,Agricultural,Rainfed
PROP-00211,Gadag,Mundargi,Hobli-1,Lakshmipura,84/1,1,1,KH-24-02-01,Owner_A,5.0,Agricultural,Rainfed
PROP-00212,Gadag,Mundargi,Hobli-2,Hulikunte,85/2,1,2,KH-24-02-02,Owner_B,5.5,Agricultural,Rainfed
PROP-00213,Gadag,Mundargi,Hobli-3,Kallur,86/3,1,3,KH-24-02-03,Owner_C,6.0,Agricultural,Rainfed
PROP-00214,Gadag,Nargund,Hobli-1,Hulikunte,87/1,1,1,KH-24-03-01,Owner_B,5.5,Agricultural,Rainfed
PROP-00215,Gadag,Nargund,Hobli-2,Kallur,88/2,1,2,KH-24-03-02,Owner_C,6.0,Agricultural,Rainfed
PROP-00216,Gadag,Nargund,Hobli-3,Basavanahalli,89/3,1,3,KH-24-03-03,Owner_D,1.5,Agricultural,Rainfed
PROP-00217,Haveri,Haveri,Hobli-1,Lakshmipura,88/1,1,1,KH-25-01-01,Owner_A,5.5,Agricultural,Rainfed
PROP-00218,Haveri,Haveri,Hobli-2,Hulikunte,89/2,1,2,KH-25-01-02,Owner_B,6.0,Agricultural,Rainfed
PROP-00219,Haveri,Haveri,Hobli-3,Kallur,90/3,1,3,KH-25-01-03,Owner_C,1.5,Agricultural,Rainfed
PROP-00220,Haveri,Ranebennur,Hobli-1,Hulikunte,91/1,1,1,KH-25-02-01,Owner_B,6.0,Agricultural,Rainfed
PROP-00221,Haveri,Ranebennur,Hobli-2,Kallur,92/2,1,2,KH-25-02-02,Owner_C,1.5,Agricultural,Rainfed
PROP-00222,Haveri,Ranebennur,Hobli-3,Basavanahalli,93/3,1,3,KH-25-02-03,Owner_D,2.0,Agricultural,Rainfed
PROP-00223,Haveri,Byadgi,Hobli-1,Kallur,94/1,1,1,KH-25-03-01,Owner_C,1.5,Agricultural,Rainfed
PROP-00224,Haveri,Byadgi,Hobli-2,Basavanahalli,95/2,1,2,KH-25-03-02,Owner_D,2.0,Agricultural,Rainfed
PROP-00225,Haveri,Byadgi,Hobli-3,Gopalapura,96/3,1,3,KH-25-03-03,Owner_E,2.5,Agricultural,Rainfed
PROP-00226,Uttara Kannada,Karwar,Hobli-1,Hulikunte,95/1,1,1,KH-26-01-01,Owner_B,1.5,Agricultural,Rainfed
PROP-00227,Uttara Kannada,Karwar,Hobli-2,Kallur,96/2,1,2,KH-26-01-02,Owner_C,2.0,Agricultural,Rainfed
PROP-00228,Uttara Kannada,Karwar,Hobli-3,Basavanahalli,97/3,1,3,KH-26-01-03,Owner_D,2.5,Agricultural,Rainfed
PROP-00229,Uttara Kannada,Sirsi,Hobli-1,Kallur,98/1,1,1,KH-26-02-01,Owner_C,2.0,Agricultural,Rainfed
PROP-00230,Uttara Kannada,Sirsi,Hobli-2,Basavanahalli,99/2,1,2,KH-26-02-02,Owner_D,2.5,Agricultural,Rainfed
PROP-00231,Uttara Kannada,Sirsi,Hobli-3,Gopalapura,40/3,1,3,KH-26-02-03,Owner_E,3.0,Agricultural,Rainfed
PROP-00232,Uttara Kannada,Kumta,Hobli-1,Basavanahalli,41/1,1,1,KH-26-03-01,Owner_D,2.5,Agricultural,Rainfed
PROP-00233,Uttara Kannada,Kumta,Hobli-2,Gopalapura,42/2,1,2,KH-26-03-02,Owner_E,3.0,Agricultural,Rainfed
PROP-00234,Uttara Kannada,Kumta,Hobli-3,Naganahalli,43/3,1,3,KH-26-03-03,Owner_F,3.5,Agricultural,Rainfed
PROP-00235,Chamarajanagar,Chamarajanagar,Hobli-1,Kallur,42/1,1,1,KH-27-01-01,Owner_C,2.5,Agricultural,Rainfed
PROP-00236,Chamarajanagar,Chamarajanagar,Hobli-2,Basavanahalli,43/2,1,2,KH-27-01-02,Owner_D,3.0,Agricultural,Rainfed
PROP-00237,Chamarajanagar,Chamarajanagar,Hobli-3,Gopalapura,44/3,1,3,KH-27-01-03,Owner_E,3.5,Agricultural,Rainfed
PROP-00238,Chamarajanagar,Gundlupet,Hobli-1,Basavanahalli,45/1,1,1,KH-27-02-01,Owner_D,3.0,Agricultural,Rainfed
PROP-00239,Chamarajanagar,Gundlupet,Hobli-2,Gopalapura,46/2,1,2,KH-27-02-02,Owner_E,3.5,Agricultural,Rainfed
PROP-00240,Chamarajanagar,Gundlupet,Hobli-3,Naganahalli,47/3,1,3,KH-27-02-03,Owner_F,4.0,Agricultural,Rainfed
PROP-00241,Chamarajanagar,Kollegal,Hobli-1,Gopalapura,48/1,1,1,KH-27-03-01,Owner_E,3.5,Agricultural,Rainfed
PROP-00242,Chamarajanagar,Kollegal,Hobli-2,Naganahalli,49/2,1,2,KH-27-03-02,Owner_F,4.0,Agricultural,Rainfed
PROP-00243,Chamarajanagar,Kollegal,Hobli-3,Kempapura,50/3,1,3,KH-27-03-03,Owner_G,4.5,Agricultural,Rainfed
PROP-00244,Bagalkot,Bagalkot,Hobli-1,Basavanahalli,49/1,1,1,KH-28-01-01,Owner_D,3.5,Agricultural,Rainfed
PROP-00245,Bagalkot,Bagalkot,Hobli-2,Gopalapura,50/2,1,2,KH-28-01-02,Owner_E,4.0,Agricultural,Rainfed
PROP-00246,Bagalkot,Bagalkot,Hobli-3,Naganahalli,51/3,1,3,KH-28-01-03,Owner_F,4.5,Agricultural,Rainfed
PROP-00247,Bagalkot,Jamkhandi,Hobli-1,Gopalapura,52/1,1,1,KH-28-02-01,Owner_E,4.0,Agricultural,Rainfed
PROP-00248,Bagalkot,Jamkhandi,Hobli-2,Naganahalli,53/2,1,2,KH-28-02-02,Owner_F,4.5,Agricultural,Rainfed
PROP-00249,Bagalkot,Jamkhandi,Hobli-3,Kempapura,54/3,1,3,KH-28-02-03,Owner_G,5.0,Agricultural,Rainfed
PROP-00250,Bagalkot,Mudhol,Hobli-1,Naganahalli,55/1,1,1,KH-28-03-01,Owner_F,4.5,Agricultural,Rainfed
PROP-00251,Bagalkot,Mudhol,Hobli-2,Kempapura,56/2,1,2,KH-28-03-02,Owner_G,5.0,Agricultural,Rainfed
PROP-00252,Bagalkot,Mudhol,Hobli-3,Hosahalli,57/3,1,3,KH-28-03-03,Owner_H,5.5,Agricultural,Rainfed
PROP-00253,Vijayanagara,Hosapete,Hobli-1,Gopalapura,56/1,1,1,KH-29-01-01,Owner_E,4.5,Agricultural,Rainfed
PROP-00254,Vijayanagara,Hosapete,Hobli-2,Naganahalli,57/2,1,2,KH-29-01-02,Owner_F,5.0,Agricultural,Rainfed
PROP-00255,Vijayanagara,Hosapete,Hobli-3,Kempapura,58/3,1,3,KH-29-01-03,Owner_G,5.5,Agricultural,Rainfed
PROP-00256,Vijayanagara,Harapanahalli,Hobli-1,Naganahalli,59/1,1,1,KH-29-02-01,Owner_F,5.0,Agricultural,Rainfed
PROP-00257,Vijayanagara,Harapanahalli,Hobli-2,Kempapura,60/2,1,2,KH-29-02-02,Owner_G,5.5,Agricultural,Rainfed
PROP-00258,Vijayanagara,Harapanahalli,Hobli-3,Hosahalli,61/3,1,3,KH-29-02-03,Owner_H,6.0,Agricultural,Rainfed
PROP-00259,Vijayanagara,Kudligi,Hobli-1,Kempapura,62/1,1,1,KH-29-03-01,Owner_G,5.5,Agricultural,Rainfed
PROP-00260,Vijayanagara,Kudligi,Hobli-2,Hosahalli,63/2,1,2,KH-29-03-02,Owner_H,6.0,Agricultural,Rainfed
PROP-00261,Vijayanagara,Kudligi,Hobli-3,Lakshmipura,64/3,1,3,KH-29-03-03,Owner_A,1.5,Agricultural,Rainfed
PROP-00262,Davanagere,Davanagere,Hobli-1,Naganahalli,63/1,1,1,KH-30-01-01,Owner_F,5.5,Agricultural,Rainfed
PROP-00263,Davanagere,Davanagere,Hobli-2,Kempapura,64/2,1,2,KH-30-01-02,Owner_G,6.0,Agricultural,Rainfed
PROP-00264,Davanagere,Davanagere,Hobli-3,Hosahalli,65/3,1,3,KH-30-01-03,Owner_H,1.5,Agricultural,Rainfed
PROP-00265,Davanagere,Harihar,Hobli-1,Kempapura,66/1,1,1,KH-30-02-01,Owner_G,6.0,Agricultural,Rainfed
PROP-00266,Davanagere,Harihar,Hobli-2,Hosahalli,67/2,1,2,KH-30-02-02,Owner_H,1.5,Agricultural,Rainfed
PROP-00267,Davanagere,Harihar,Hobli-3,Lakshmipura,68/3,1,3,KH-30-02-03,Owner_A,2.0,Agricultural,Rainfed
PROP-00268,Davanagere,Channagiri,Hobli-1,Hosahalli,69/1,1,1,KH-30-03-01,Owner_H,1.5,Agricultural,Rainfed
PROP-00269,Davanagere,Channagiri,Hobli-2,Lakshmipura,70/2,1,2,KH-30-03-02,Owner_A,2.0,Agricultural,Rainfed
PROP-00270,Davanagere,Channagiri,Hobli-3,Hulikunte,71/3,1,3,KH-30-03-03,Owner_B,2.5,Agricultural,Rainfed
PROP-00271,Bengaluru Rural,Devanahalli,Hobli-1,Kempapura,70/1,1,1,KH-31-01-01,Owner_G,1.5,Agricultural,Rainfed
PROP-00272,Bengaluru Rural,Devanahalli,Hobli-2,Hosahalli,71/2,1,2,KH-31-01-02,Owner_H,2.0,Agricultural,Rainfed
PROP-00273,Bengaluru Rural,Devanahalli,Hobli-3,Lakshmipura,72/3,1,3,KH-31-01-03,Owner_A,2.5,Agricultural,Rainfed
PROP-00274,Bengaluru Rural,Doddaballapura,Hobli-1,Hosahalli,73/1,1,1,KH-31-02-01,Owner_H,2.0,Agricultural,Rainfed
PROP-00275,Bengaluru Rural,Doddaballapura,Hobli-2,Lakshmipura,74/2,1,2,KH-31-02-02,Owner_A,2.5,Agricultural,Rainfed
PROP-00276,Bengaluru Rural,Doddaballapura,Hobli-3,Hulikunte,75/3,1,3,KH-31-02-03,Owner_B,3.0,Agricultural,Rainfed
PROP-00277,Bengaluru Rural,Nelamangala,Hobli-1,Lakshmipura,76/1,1,1,KH-31-03-01,Owner_A,2.5,Agricultural,Rainfed
PROP-00278,Bengaluru Rural,Nelamangala,Hobli-2,Hulikunte,77/2,1,2,KH-31-03-02,Owner_B,3.0,Agricultural,Rainfed
PROP-00279,Bengaluru Rural,Nelamangala,Hobli-3,Kallur,78/3,1,3,KH-31-03-03,Owner_C,3.5,Agricultural,Rainfed
