property_id,registration_number,registration_date,seller,buyer,registered_extent_acres,survey_number
PROP-00001,REG-01-01-001,2024-07-29,Owner_A,Owner_C,1.5,40/1
PROP-00002,REG-01-01-002,2024-08-02,Owner_B,Owner_C,3.0,41/2
PROP-00003,REG-01-01-003,2024-08-06,Owner_C,Owner_D,2.5,42/3
PROP-00004,REG-01-02-001,2024-08-10,Owner_B,Owner_C,3.0,43/1
PROP-00005,REG-01-02-002,2024-08-14,Owner_C,Owner_D,2.5,44/2
PROP-00006,REG-01-02-003,2024-08-18,Owner_D,Owner_E,3.0,45/3
PROP-00007,REG-01-03-001,2024-08-22,Owner_C,Owner_D,2.5,46/1
PROP-00008,REG-01-03-002,2024-08-26,Owner_D,Owner_E,3.0,47/2
PROP-00009,REG-01-03-003,2024-08-30,Owner_E,Owner_F,3.5,48/3
PROP-00010,REG-02-01-001,2024-09-03,Owner_B,Owner_C,2.5,47/1
PROP-00011,REG-02-01-002,2024-09-07,Owner_C,Owner_D,3.0,48/2
PROP-00012,REG-02-01-003,2024-09-11,Owner_D,Owner_E,3.5,49/3
PROP-00013,REG-02-02-001,2024-09-15,Owner_C,Owner_D,3.0,50/1
PROP-00014,REG-02-02-002,2024-09-19,Owner_D,Owner_E,3.5,51/2
PROP-00015,REG-02-02-003,2024-09-23,Owner_E,Owner_F,4.0,52/3
PROP-00016,REG-02-03-001,2024-09-27,Owner_D,Owner_E,3.5,53/1
PROP-00017,REG-02-03-002,2024-10-01,Owner_E,Owner_F,4.0,54/2
PROP-00018,REG-02-03-003,2024-10-05,Owner_F,Owner_G,4.5,55/3
PROP-00019,REG-03-01-001,2024-10-09,Owner_C,Owner_D,3.5,54/1
PROP-00020,REG-03-01-002,2024-10-13,Owner_D,Owner_E,4.0,55/2
PROP-00021,REG-03-01-003,2024-10-17,Owner_E,Owner_F,4.5,56/3
PROP-00022,REG-03-02-001,2024-10-21,Owner_D,Owner_E,4.0,57/1
PROP-00023,REG-03-02-002,2024-10-25,Owner_E,Owner_F,4.5,58/2
PROP-00024,REG-03-02-003,2024-10-29,Owner_F,Owner_G,5.0,59/3
PROP-00025,REG-03-03-001,2024-11-02,Owner_E,Owner_F,4.5,60/1
PROP-00026,REG-03-03-002,2024-11-06,Owner_F,Owner_G,5.0,61/2
PROP-00027,REG-03-03-003,2024-11-10,Owner_G,Owner_C,5.5,62/3
PROP-00028,REG-04-01-001,2024-11-14,Owner_D,Owner_E,4.5,61/1
PROP-00029,REG-04-01-002,2024-11-18,Owner_E,Owner_C,5.0,62/2
PROP-00030,REG-04-01-003,2024-11-22,Owner_F,Owner_G,6.5,63/3
PROP-00031,REG-04-02-001,2024-11-26,Owner_E,Owner_C,5.0,64/1
PROP-00032,REG-04-02-002,2024-11-30,Owner_F,Owner_G,6.5,65/2
PROP-00033,REG-04-02-003,2024-12-04,Owner_G,Owner_H,6.0,66/3
PROP-00034,REG-04-03-001,2024-12-08,Owner_F,Owner_G,6.5,67/1
PROP-00035,REG-04-03-002,2024-12-12,Owner_G,Owner_H,6.0,68/2
PROP-00036,REG-04-03-003,2024-12-16,Owner_H,Owner_A,1.5,69/3
PROP-00037,REG-05-01-001,2024-12-20,Owner_E,Owner_F,5.5,68/1
PROP-00038,REG-05-01-002,2024-12-24,Owner_F,Owner_G,6.0,69/2
PROP-00039,REG-05-01-003,2024-12-28,Owner_G,Owner_H,1.5,70/3
PROP-00040,REG-05-02-001,2025-01-01,Owner_F,Owner_G,6.0,71/1
PROP-00041,REG-05-02-002,2025-01-05,Owner_G,Owner_H,1.5,72/2
PROP-00042,REG-05-02-003,2025-01-09,Owner_H,Owner_A,2.0,73/3
PROP-00043,REG-05-03-001,2025-01-13,Owner_G,Owner_H,1.5,74/1
PROP-00044,REG-05-03-002,2025-01-17,Owner_H,Owner_A,2.0,75/2
PROP-00045,REG-05-03-003,2025-01-21,Owner_A,Owner_B,2.5,76/3
PROP-00046,REG-06-01-001,2025-01-25,Owner_F,Owner_G,1.5,75/1
PROP-00047,REG-06-01-002,2025-01-29,Owner_G,Owner_H,2.0,76/2
PROP-00048,REG-06-01-003,2025-02-02,Owner_H,Owner_A,2.5,77/3
PROP-00049,REG-06-02-001,2025-02-06,Owner_G,Owner_H,2.0,78/1
PROP-00050,REG-06-02-002,2025-02-10,Owner_H,Owner_A,2.5,79/2
PROP-00051,REG-06-02-003,2025-02-14,Owner_A,Owner_B,3.0,80/3
PROP-00052,REG-06-03-001,2025-02-18,Owner_H,Owner_A,2.5,81/1
PROP-00053,REG-06-03-002,2025-02-22,Owner_A,Owner_B,3.0,82/2
PROP-00054,REG-06-03-003,2025-02-26,Owner_B,Owner_C,3.5,83/3
PROP-00055,REG-07-01-001,2025-03-02,Owner_G,Owner_H,2.5,82/1
PROP-00056,REG-07-01-002,2025-03-06,Owner_H,Owner_A,3.0,83/2
PROP-00057,REG-07-01-003,2025-03-10,Owner_A,Owner_C,3.5,84/3
PROP-00058,REG-07-02-001,2025-03-14,Owner_H,Owner_A,3.0,85/1
PROP-00059,REG-07-02-002,2025-03-18,Owner_A,Owner_C,3.5,86/2
PROP-00060,REG-07-02-003,2025-03-22,Owner_B,Owner_C,5.0,87/3
PROP-00061,REG-07-03-001,2025-03-26,Owner_A,Owner_C,3.5,88/1
PROP-00062,REG-07-03-002,2025-03-30,Owner_B,Owner_C,5.0,89/2
PROP-00063,REG-07-03-003,2025-04-03,Owner_C,Owner_D,4.5,90/3
PROP-00064,REG-08-01-001,2025-04-07,Owner_H,Owner_A,4.5,89/1
PROP-00065,REG-08-01-002,2025-04-11,Owner_A,Owner_B,4.0,90/2
PROP-00066,REG-08-01-003,2025-04-15,Owner_B,Owner_C,4.5,91/3
PROP-00067,REG-08-02-001,2025-04-19,Owner_A,Owner_B,4.0,92/1
PROP-00068,REG-08-02-002,2025-04-23,Owner_B,Owner_C,4.5,93/2
PROP-00069,REG-08-02-003,2025-04-27,Owner_C,Owner_D,5.0,94/3
PROP-00070,REG-08-03-001,2025-05-01,Owner_B,Owner_C,4.5,95/1
PROP-00071,REG-08-03-002,2025-05-05,Owner_C,Owner_D,5.0,96/2
PROP-00072,REG-08-03-003,2025-05-09,Owner_D,Owner_E,5.5,97/3
PROP-00073,REG-09-01-001,2025-05-13,Owner_A,Owner_B,4.5,96/1
PROP-00074,REG-09-01-002,2025-05-17,Owner_B,Owner_C,5.0,97/2
PROP-00075,REG-09-01-003,2025-05-21,Owner_C,Owner_D,5.5,98/3
PROP-00076,REG-09-02-001,2025-05-25,Owner_B,Owner_C,5.0,99/1
PROP-00077,REG-09-02-002,2025-05-29,Owner_C,Owner_D,5.5,40/2
PROP-00078,REG-09-02-003,2025-06-02,Owner_D,Owner_E,6.0,41/3
PROP-00079,REG-09-03-001,2025-06-06,Owner_C,Owner_D,5.5,42/1
PROP-00080,REG-09-03-002,2025-06-10,Owner_D,Owner_E,6.0,43/2
PROP-00081,REG-09-03-003,2025-06-14,Owner_E,Owner_F,1.5,44/3
PROP-00082,REG-10-01-001,2025-06-18,Owner_B,Owner_C,5.5,43/1
PROP-00083,REG-10-01-002,2025-06-22,Owner_C,Owner_D,6.0,44/2
PROP-00084,REG-10-01-003,2025-06-26,Owner_D,Owner_E,1.5,45/3
PROP-00085,REG-10-02-001,2025-06-30,Owner_C,Owner_D,6.0,46/1
PROP-00086,REG-10-02-002,2025-07-04,Owner_D,Owner_E,1.5,47/2
PROP-00087,REG-10-02-003,2025-07-08,Owner_E,Owner_C,2.0,48/3
PROP-00088,REG-10-03-001,2025-07-12,Owner_D,Owner_E,1.5,49/1
PROP-00089,REG-10-03-002,2025-07-16,Owner_E,Owner_C,2.0,50/2
PROP-00090,REG-10-03-003,2025-07-20,Owner_F,Owner_G,3.5,51/3
PROP-00091,REG-11-01-001,2025-07-24,Owner_C,Owner_C,1.5,50/1
PROP-00092,REG-11-01-002,2025-07-28,Owner_D,Owner_E,3.0,51/2
PROP-00093,REG-11-01-003,2025-08-01,Owner_E,Owner_F,2.5,52/3
PROP-00094,REG-11-02-001,2025-08-05,Owner_D,Owner_E,3.0,53/1
PROP-00095,REG-11-02-002,2025-08-09,Owner_E,Owner_F,2.5,54/2
PROP-00096,REG-11-02-003,2025-08-13,Owner_F,Owner_G,3.0,55/3
PROP-00097,REG-11-03-001,2025-08-17,Owner_E,Owner_F,2.5,56/1
PROP-00098,REG-11-03-002,2025-08-21,Owner_F,Owner_G,3.0,57/2
PROP-00099,REG-11-03-003,2025-08-25,Owner_G,Owner_H,3.5,58/3
PROP-00100,REG-12-01-001,2025-08-29,Owner_D,Owner_E,2.5,57/1
PROP-00101,REG-12-01-002,2025-09-02,Owner_E,Owner_F,3.0,58/2
PROP-00102,REG-12-01-003,2025-09-06,Owner_F,Owner_G,3.5,59/3
PROP-00103,REG-12-02-001,2025-09-10,Owner_E,Owner_F,3.0,60/1
PROP-00104,REG-12-02-002,2025-09-14,Owner_F,Owner_G,3.5,61/2
PROP-00105,REG-12-02-003,2025-09-18,Owner_G,Owner_H,4.0,62/3
PROP-00106,REG-12-03-001,2025-09-22,Owner_F,Owner_G,3.5,63/1
PROP-00107,REG-12-03-002,2025-09-26,Owner_G,Owner_H,4.0,64/2
PROP-00108,REG-12-03-003,2025-09-30,Owner_H,Owner_A,4.5,65/3
PROP-00109,REG-13-01-001,2025-10-04,Owner_E,Owner_F,3.5,64/1
PROP-00110,REG-13-01-002,2025-10-08,Owner_F,Owner_G,4.0,65/2
PROP-00111,REG-13-01-003,2025-10-12,Owner_G,Owner_H,4.5,66/3
PROP-00112,REG-13-02-001,2025-10-16,Owner_F,Owner_G,4.0,67/1
PROP-00113,REG-13-02-002,2025-10-20,Owner_G,Owner_H,4.5,68/2
PROP-00114,REG-13-02-003,2025-10-24,Owner_H,Owner_A,5.0,69/3
PROP-00115,REG-13-03-001,2025-10-28,Owner_G,Owner_H,4.5,70/1
PROP-00116,REG-13-03-002,2025-11-01,Owner_H,Owner_A,5.0,71/2
PROP-00117,REG-13-03-003,2025-11-05,Owner_A,Owner_C,5.5,72/3
PROP-00118,REG-14-01-001,2025-11-09,Owner_F,Owner_G,4.5,71/1
PROP-00119,REG-14-01-002,2025-11-13,Owner_G,Owner_C,5.0,72/2
PROP-00120,REG-14-01-003,2025-11-17,Owner_H,Owner_A,6.5,73/3
PROP-00121,REG-14-02-001,2025-11-21,Owner_G,Owner_C,5.0,74/1
PROP-00122,REG-14-02-002,2025-11-25,Owner_H,Owner_A,6.5,75/2
PROP-00123,REG-14-02-003,2025-11-29,Owner_A,Owner_B,6.0,76/3
PROP-00124,REG-14-03-001,2025-12-03,Owner_H,Owner_A,6.5,77/1
PROP-00125,REG-14-03-002,2025-12-07,Owner_A,Owner_B,6.0,78/2
PROP-00126,REG-14-03-003,2025-12-11,Owner_B,Owner_C,1.5,79/3
PROP-00127,REG-15-01-001,2025-12-15,Owner_G,Owner_H,5.5,78/1
PROP-00128,REG-15-01-002,2025-12-19,Owner_H,Owner_A,6.0,79/2
PROP-00129,REG-15-01-003,2025-12-23,Owner_A,Owner_B,1.5,80/3
PROP-00130,REG-15-02-001,2025-12-27,Owner_H,Owner_A,6.0,81/1
PROP-00131,REG-15-02-002,2025-12-31,Owner_A,Owner_B,1.5,82/2
PROP-00132,REG-15-02-003,2026-01-04,Owner_B,Owner_C,2.0,83/3
PROP-00133,REG-15-03-001,2026-01-08,Owner_A,Owner_B,1.5,84/1
PROP-00134,REG-15-03-002,2026-01-12,Owner_B,Owner_C,2.0,85/2
PROP-00135,REG-15-03-003,2026-01-16,Owner_C,Owner_D,2.5,86/3
PROP-00136,REG-16-01-001,2026-01-20,Owner_H,Owner_A,1.5,85/1
PROP-00137,REG-16-01-002,2026-01-24,Owner_A,Owner_B,2.0,86/2
PROP-00138,REG-16-01-003,2026-01-28,Owner_B,Owner_C,2.5,87/3
PROP-00139,REG-16-02-001,2026-02-01,Owner_A,Owner_B,2.0,88/1
PROP-00140,REG-16-02-002,2026-02-05,Owner_B,Owner_C,2.5,89/2
PROP-00141,REG-16-02-003,2026-02-09,Owner_C,Owner_D,3.0,90/3
PROP-00142,REG-16-03-001,2026-02-13,Owner_B,Owner_C,2.5,91/1
PROP-00143,REG-16-03-002,2026-02-17,Owner_C,Owner_D,3.0,92/2
PROP-00144,REG-16-03-003,2026-02-21,Owner_D,Owner_E,3.5,93/3
PROP-00145,REG-17-01-001,2026-02-25,Owner_A,Owner_B,2.5,92/1
PROP-00146,REG-17-01-002,2026-03-01,Owner_B,Owner_C,3.0,93/2
PROP-00147,REG-17-01-003,2026-03-05,Owner_C,Owner_C,3.5,94/3
PROP-00148,REG-17-02-001,2026-03-09,Owner_B,Owner_C,3.0,95/1
PROP-00149,REG-17-02-002,2026-03-13,Owner_C,Owner_C,3.5,96/2
PROP-00150,REG-17-02-003,2026-03-17,Owner_D,Owner_E,5.0,97/3
PROP-00151,REG-17-03-001,2026-03-21,Owner_C,Owner_C,3.5,98/1
PROP-00152,REG-17-03-002,2026-03-25,Owner_D,Owner_E,5.0,99/2
PROP-00153,REG-17-03-003,2026-03-29,Owner_E,Owner_F,4.5,40/3
PROP-00154,REG-18-01-001,2026-04-02,Owner_B,Owner_C,4.5,99/1
PROP-00155,REG-18-01-002,2026-04-06,Owner_C,Owner_D,4.0,40/2
PROP-00156,REG-18-01-003,2026-04-10,Owner_D,Owner_E,4.5,41/3
PROP-00157,REG-18-02-001,2026-04-14,Owner_C,Owner_D,4.0,42/1
PROP-00158,REG-18-02-002,2026-04-18,Owner_D,Owner_E,4.5,43/2
PROP-00159,REG-18-02-003,2026-04-22,Owner_E,Owner_F,5.0,44/3
PROP-00160,REG-18-03-001,2026-04-26,Owner_D,Owner_E,4.5,45/1
PROP-00161,REG-18-03-002,2026-04-30,Owner_E,Owner_F,5.0,46/2
PROP-00162,REG-18-03-003,2026-05-04,Owner_F,Owner_G,5.5,47/3
PROP-00163,REG-19-01-001,2026-05-08,Owner_C,Owner_D,4.5,46/1
PROP-00164,REG-19-01-002,2026-05-12,Owner_D,Owner_E,5.0,47/2
PROP-00165,REG-19-01-003,2026-05-16,Owner_E,Owner_F,5.5,48/3
PROP-00166,REG-19-02-001,2026-05-20,Owner_D,Owner_E,5.0,49/1
PROP-00167,REG-19-02-002,2026-05-24,Owner_E,Owner_F,5.5,50/2
PROP-00168,REG-19-02-003,2026-05-28,Owner_F,Owner_G,6.0,51/3
PROP-00169,REG-19-03-001,2026-06-01,Owner_E,Owner_F,5.5,52/1
PROP-00170,REG-19-03-002,2026-06-05,Owner_F,Owner_G,6.0,53/2
PROP-00171,REG-19-03-003,2026-06-09,Owner_G,Owner_H,1.5,54/3
PROP-00172,REG-20-01-001,2026-06-13,Owner_D,Owner_E,5.5,53/1
PROP-00173,REG-20-01-002,2026-06-17,Owner_E,Owner_F,6.0,54/2
PROP-00174,REG-20-01-003,2026-06-21,Owner_F,Owner_G,1.5,55/3
PROP-00175,REG-20-02-001,2026-06-25,Owner_E,Owner_F,6.0,56/1
PROP-00176,REG-20-02-002,2026-06-29,Owner_F,Owner_G,1.5,57/2
PROP-00177,REG-20-02-003,2026-07-03,Owner_G,Owner_C,2.0,58/3
PROP-00178,REG-20-03-001,2026-07-07,Owner_F,Owner_G,1.5,59/1
PROP-00179,REG-20-03-002,2026-07-11,Owner_G,Owner_C,2.0,60/2
PROP-00180,REG-20-03-003,2026-07-15,Owner_H,Owner_A,3.5,61/3
PROP-00181,REG-21-01-001,2026-07-19,Owner_E,Owner_C,1.5,60/1
PROP-00182,REG-21-01-002,2026-07-23,Owner_F,Owner_G,3.0,61/2
PROP-00183,REG-21-01-003,2026-07-27,Owner_G,Owner_H,2.5,62/3
PROP-00184,REG-21-02-001,2026-07-31,Owner_F,Owner_G,3.0,63/1
PROP-00185,REG-21-02-002,2026-08-04,Owner_G,Owner_H,2.5,64/2
PROP-00186,REG-21-02-003,2026-08-08,Owner_H,Owner_A,3.0,65/3
PROP-00187,REG-21-03-001,2026-08-12,Owner_G,Owner_H,2.5,66/1
PROP-00188,REG-21-03-002,2026-08-16,Owner_H,Owner_A,3.0,67/2
PROP-00189,REG-21-03-003,2026-08-20,Owner_A,Owner_B,3.5,68/3
PROP-00190,REG-22-01-001,2026-08-24,Owner_F,Owner_G,2.5,67/1
PROP-00191,REG-22-01-002,2026-08-28,Owner_G,Owner_H,3.0,68/2
PROP-00192,REG-22-01-003,2026-09-01,Owner_H,Owner_A,3.5,69/3
PROP-00193,REG-22-02-001,2026-09-05,Owner_G,Owner_H,3.0,70/1
PROP-00194,REG-22-02-002,2026-09-09,Owner_H,Owner_A,3.5,71/2
PROP-00195,REG-22-02-003,2026-09-13,Owner_A,Owner_B,4.0,72/3
PROP-00196,REG-22-03-001,2026-09-17,Owner_H,Owner_A,3.5,73/1
PROP-00197,REG-22-03-002,2026-09-21,Owner_A,Owner_B,4.0,74/2
PROP-00198,REG-22-03-003,2026-09-25,Owner_B,Owner_C,4.5,75/3
PROP-00199,REG-23-01-001,2026-09-29,Owner_G,Owner_H,3.5,74/1
PROP-00200,REG-23-01-002,2026-10-03,Owner_H,Owner_A,4.0,75/2
PROP-00201,REG-23-01-003,2026-10-07,Owner_A,Owner_B,4.5,76/3
PROP-00202,REG-23-02-001,2026-10-11,Owner_H,Owner_A,4.0,77/1
PROP-00203,REG-23-02-002,2026-10-15,Owner_A,Owner_B,4.5,78/2
PROP-00204,REG-23-02-003,2026-10-19,Owner_B,Owner_C,5.0,79/3
PROP-00205,REG-23-03-001,2026-10-23,Owner_A,Owner_B,4.5,80/1
PROP-00206,REG-23-03-002,2026-10-27,Owner_B,Owner_C,5.0,81/2
PROP-00207,REG-23-03-003,2026-10-31,Owner_C,Owner_C,5.5,82/3
PROP-00208,REG-24-01-001,2026-11-04,Owner_H,Owner_A,4.5,81/1
PROP-00209,REG-24-01-002,2026-11-08,Owner_A,Owner_C,5.0,82/2
PROP-00210,REG-24-01-003,2026-11-12,Owner_B,Owner_C,6.5,83/3
PROP-00211,REG-24-02-001,2026-11-16,Owner_A,Owner_C,5.0,84/1
PROP-00212,REG-24-02-002,2026-11-20,Owner_B,Owner_C,6.5,85/2
PROP-00213,REG-24-02-003,2026-11-24,Owner_C,Owner_D,6.0,86/3
PROP-00214,REG-24-03-001,2026-11-28,Owner_B,Owner_C,6.5,87/1
PROP-00215,REG-24-03-002,2026-12-02,Owner_C,Owner_D,6.0,88/2
PROP-00216,REG-24-03-003,2026-12-06,Owner_D,Owner_E,1.5,89/3
PROP-00217,REG-25-01-001,2026-12-10,Owner_A,Owner_B,5.5,88/1
PROP-00218,REG-25-01-002,2026-12-14,Owner_B,Owner_C,6.0,89/2
PROP-00219,REG-25-01-003,2026-12-18,Owner_C,Owner_D,1.5,90/3
PROP-00220,REG-25-02-001,2026-12-22,Owner_B,Owner_C,6.0,91/1
PROP-00221,REG-25-02-002,2026-12-26,Owner_C,Owner_D,1.5,92/2
PROP-00222,REG-25-02-003,2026-12-30,Owner_D,Owner_E,2.0,93/3
PROP-00223,REG-25-03-001,2027-01-03,Owner_C,Owner_D,1.5,94/1
PROP-00224,REG-25-03-002,2027-01-07,Owner_D,Owner_E,2.0,95/2
PROP-00225,REG-25-03-003,2027-01-11,Owner_E,Owner_F,2.5,96/3
PROP-00226,REG-26-01-001,2027-01-15,Owner_B,Owner_C,1.5,95/1
PROP-00227,REG-26-01-002,2027-01-19,Owner_C,Owner_D,2.0,96/2
PROP-00228,REG-26-01-003,2027-01-23,Owner_D,Owner_E,2.5,97/3
PROP-00229,REG-26-02-001,2027-01-27,Owner_C,Owner_D,2.0,98/1
PROP-00230,REG-26-02-002,2027-01-31,Owner_D,Owner_E,2.5,99/2
PROP-00231,REG-26-02-003,2027-02-04,Owner_E,Owner_F,3.0,40/3
PROP-00232,REG-26-03-001,2027-02-08,Owner_D,Owner_E,2.5,41/1
PROP-00233,REG-26-03-002,2027-02-12,Owner_E,Owner_F,3.0,42/2
PROP-00234,REG-26-03-003,2027-02-16,Owner_F,Owner_G,3.5,43/3
PROP-00235,REG-27-01-001,2027-02-20,Owner_C,Owner_D,2.5,42/1
PROP-00236,REG-27-01-002,2027-02-24,Owner_D,Owner_E,3.0,43/2
PROP-00237,REG-27-01-003,2027-02-28,Owner_E,Owner_C,3.5,44/3
PROP-00238,REG-27-02-001,2027-03-04,Owner_D,Owner_E,3.0,45/1
PROP-00239,REG-27-02-002,2027-03-08,Owner_E,Owner_C,3.5,46/2
PROP-00240,REG-27-02-003,2027-03-12,Owner_F,Owner_G,5.0,47/3
PROP-00241,REG-27-03-001,2027-03-16,Owner_E,Owner_C,3.5,48/1
PROP-00242,REG-27-03-002,2027-03-20,Owner_F,Owner_G,5.0,49/2
PROP-00243,REG-27-03-003,2027-03-24,Owner_G,Owner_H,4.5,50/3
PROP-00244,REG-28-01-001,2027-03-28,Owner_D,Owner_E,4.5,49/1
PROP-00245,REG-28-01-002,2027-04-01,Owner_E,Owner_F,4.0,50/2
PROP-00246,REG-28-01-003,2027-04-05,Owner_F,Owner_G,4.5,51/3
PROP-00247,REG-28-02-001,2027-04-09,Owner_E,Owner_F,4.0,52/1
PROP-00248,REG-28-02-002,2027-04-13,Owner_F,Owner_G,4.5,53/2
PROP-00249,REG-28-02-003,2027-04-17,Owner_G,Owner_H,5.0,54/3
PROP-00250,REG-28-03-001,2027-04-21,Owner_F,Owner_G,4.5,55/1
PROP-00251,REG-28-03-002,2027-04-25,Owner_G,Owner_H,5.0,56/2
PROP-00252,REG-28-03-003,2027-04-29,Owner_H,Owner_A,5.5,57/3
PROP-00253,REG-29-01-001,2027-05-03,Owner_E,Owner_F,4.5,56/1
PROP-00254,REG-29-01-002,2027-05-07,Owner_F,Owner_G,5.0,57/2
PROP-00255,REG-29-01-003,2027-05-11,Owner_G,Owner_H,5.5,58/3
PROP-00256,REG-29-02-001,2027-05-15,Owner_F,Owner_G,5.0,59/1
PROP-00257,REG-29-02-002,2027-05-19,Owner_G,Owner_H,5.5,60/2
PROP-00258,REG-29-02-003,2027-05-23,Owner_H,Owner_A,6.0,61/3
PROP-00259,REG-29-03-001,2027-05-27,Owner_G,Owner_H,5.5,62/1
PROP-00260,REG-29-03-002,2027-05-31,Owner_H,Owner_A,6.0,63/2
PROP-00261,REG-29-03-003,2027-06-04,Owner_A,Owner_B,1.5,64/3
PROP-00262,REG-30-01-001,2027-06-08,Owner_F,Owner_G,5.5,63/1
PROP-00263,REG-30-01-002,2027-06-12,Owner_G,Owner_H,6.0,64/2
PROP-00264,REG-30-01-003,2027-06-16,Owner_H,Owner_A,1.5,65/3
PROP-00265,REG-30-02-001,2027-06-20,Owner_G,Owner_H,6.0,66/1
PROP-00266,REG-30-02-002,2027-06-24,Owner_H,Owner_A,1.5,67/2
PROP-00267,REG-30-02-003,2027-06-28,Owner_A,Owner_C,2.0,68/3
PROP-00268,REG-30-03-001,2027-07-02,Owner_H,Owner_A,1.5,69/1
PROP-00269,REG-30-03-002,2027-07-06,Owner_A,Owner_C,2.0,70/2
PROP-00270,REG-30-03-003,2027-07-10,Owner_B,Owner_C,3.5,71/3
PROP-00271,REG-31-01-001,2027-07-14,Owner_G,Owner_C,1.5,70/1
PROP-00272,REG-31-01-002,2027-07-18,Owner_H,Owner_A,3.0,71/2
PROP-00273,REG-31-01-003,2027-07-22,Owner_A,Owner_B,2.5,72/3
PROP-00274,REG-31-02-001,2027-07-26,Owner_H,Owner_A,3.0,73/1
PROP-00275,REG-31-02-002,2027-07-30,Owner_A,Owner_B,2.5,74/2
PROP-00276,REG-31-02-003,2027-08-03,Owner_B,Owner_C,3.0,75/3
PROP-00277,REG-31-03-001,2027-08-07,Owner_A,Owner_B,2.5,76/1
PROP-00278,REG-31-03-002,2027-08-11,Owner_B,Owner_C,3.0,77/2
PROP-00279,REG-31-03-003,2027-08-15,Owner_C,Owner_D,3.5,78/3
