survey_number,village,hobli,taluk,district,state,source,source_url,verification_note
27/2,Ambalipura,,,Bengaluru Urban,Karnataka,BBMP,https://bbmptax.karnataka.gov.in/Reports/rptforms.aspx?keyval=408729674&params=mpxOE8oQuMM%3D-MjYzNzQwMH4xNjAwMDY5Njg3fjQxNH4yMDE2LTIwMTd+MX5ub25l,Government BBMP Form III explicitly lists Survey No. 27/2.
49,Anjanapura,,Bengaluru South,Bengaluru Urban,Karnataka,CAG Karnataka audit report,https://cag.gov.in/webroot/uploads/download_audit_report/2014/Karnataka_Report_10_2014.pdf,Government audit report explicitly discusses Survey No. 49 of Anjanapura Village.
73,Gunjuru,,Bengaluru East,Bengaluru Urban,Karnataka,CAG India audit report,https://saiindia.gov.in/uploads/download_audit_report/2018/Report_No_5_of_2018_Grant_Lease_Eviction_of_Encroachment_and_Regularisation_of_Unauthorised_Occupation_of_the_Government_Lands_Government_of_Karnataka.pdf,"Government audit annexure lists Survey No. 73, Gunjuru."
13,Kundanahalli,,Bengaluru East,Bengaluru Urban,Karnataka,CAG India audit report,https://saiindia.gov.in/uploads/download_audit_report/2018/Report_No_5_of_2018_Grant_Lease_Eviction_of_Encroachment_and_Regularisation_of_Unauthorised_Occupation_of_the_Government_Lands_Government_of_Karnataka.pdf,"Government audit annexure lists Survey No. 13, Kundanahalli."
63,Yedavanahalli,,Anekal,Bengaluru Urban,Karnataka,CAG India audit report,https://saiindia.gov.in/uploads/download_audit_report/2018/Report_No_5_of_2018_Grant_Lease_Eviction_of_Encroachment_and_Regularisation_of_Unauthorised_Occupation_of_the_Government_Lands_Government_of_Karnataka.pdf,"Government audit annexure lists Survey No. 63, Yedavanahalli."
81,Belahalli,,Bengaluru North,Bengaluru Urban,Karnataka,CAG India audit report,https://saiindia.gov.in/uploads/download_audit_report/2018/Report_No_5_of_2018_Grant_Lease_Eviction_of_Encroachment_and_Regularisation_of_Unauthorised_Occupation_of_the_Government_Lands_Government_of_Karnataka.pdf,"Government audit annexure lists Survey No. 81, Belahalli."
41,Kanaminike,,Bengaluru South,Bengaluru Urban,Karnataka,CAG India audit report,https://saiindia.gov.in/uploads/download_audit_report/2018/Report_No_5_of_2018_Grant_Lease_Eviction_of_Encroachment_and_Regularisation_of_Unauthorised_Occupation_of_the_Government_Lands_Government_of_Karnataka.pdf,"Government audit annexure lists Survey No. 41, Kanaminike."
24,Singasandra,,Bengaluru South,Bengaluru Urban,Karnataka,CAG India audit report,https://saiindia.gov.in/uploads/download_audit_report/2018/Report_No_5_of_2018_Grant_Lease_Eviction_of_Encroachment_and_Regularisation_of_Unauthorised_Occupation_of_the_Government_Lands_Government_of_Karnataka.pdf,"Government audit annexure lists Survey No. 24, Singasandra."
68,Chokkanahalli,Yelahanka,,Bengaluru Urban,Karnataka,Karnataka State Nursing Council,https://www.ksnc.karnataka.gov.in/userfiles/file/MSC%20Recognised%20List_FINY32.pdf,"Government publication lists Survey No. 68, Chokkanahalli Village."
146,Kommaghatha,Kengeri,Bangalore South,Bengaluru Urban,Karnataka,Karnataka State Nursing Council,https://www.ksnc.karnataka.gov.in/userfiles/file/GNM%20Recognised%20List_FINY34.pdf,"Government publication lists Survey No. 146, Kommaghatha."
18-318/319,Kuduregere,Dasanapura,Bangalore North,Bengaluru Urban,Karnataka,Karnataka State Nursing Council,https://www.ksnc.karnataka.gov.in/userfiles/file/PBBSC%20Recognised%20List_FINY36.pdf,Government publication lists Survey 18-318/319.
88/1,Kammanahalli,Gottigere,,Bengaluru Urban,Karnataka,Karnataka State Nursing Council,https://www.ksnc.karnataka.gov.in/userfiles/file/MSC%20Recognised%20List_FINY32.pdf,"Government publication lists 88/1, Kammanahalli."
216/8,,,Nelamangala,Bengaluru Rural,Karnataka,Karnataka State Nursing Council,https://www.ksnc.karnataka.gov.in/userfiles/file/PBBSC%20Recognised%20List_FINY36.pdf,Government publication lists Survey No. 216/8 and Nelamangala.
127/1,Sree Gandada Kaval,,,Bengaluru Urban,Karnataka,Karnataka State Nursing Council,https://www.ksnc.karnataka.gov.in/userfiles/file/PBBSC%20Recognised%20List_FINY36.pdf,Government publication lists No. 127/1.
"43,44,45",Uttarahalli,,,Bengaluru Urban,Karnataka,Karnataka State Nursing Council,https://www.ksnc.karnataka.gov.in/userfiles/file/PBBSC%20Recognised%20List_FINY36.pdf,"Government publication lists Nos. 43,44&45."
40,Lingadheeranahalli,,,Bengaluru Urban,Karnataka,BEE India,https://www.beeindia.gov.in/sites/default/files/EV_PCS_Data_29277.pdf,"Government BEE dataset lists Survey No. 40, Lingadheeranahalli Village."
90,Konappana Agrahara,,Bengaluru South,Bengaluru Urban,Karnataka,BEE India,https://www.beeindia.gov.in/sites/default/files/EV_PCS_Data_29277.pdf,"Government BEE dataset lists Survey No. 90, Konappana Agrahara."
22/4B,Arehalli,Uttarahalli,,Bengaluru Urban,Karnataka,BEE India,https://www.beeindia.gov.in/sites/default/files/EV_PCS_Data_29277.pdf,"Government BEE dataset lists Survey No. 22/4B, Arehalli."
30/62,Thirupalya,Jigani,Anekal,Bengaluru Urban,Karnataka,BEE India,https://www.beeindia.gov.in/sites/default/files/EV_PCS_Data_29277.pdf,"Government BEE dataset lists Survey No. 30/62, Thirupalya."
17/2,Hasanagatta,Kasaba,,Bengaluru Rural,Karnataka,BEE India,https://www.beeindia.gov.in/sites/default/files/EV_PCS_Data_29277.pdf,"Government BEE dataset lists Survey No. 17/2, Hasanagatta."
70/6 & 70/7,Chikkanhalli,,Hoskote,Bengaluru Rural,Karnataka,BEE India,https://www.beeindia.gov.in/sites/default/files/EV_PCS_Data_29277.pdf,Government BEE dataset lists Survey Nos. 70/6 & 70/7.
56/1B,Kodathi,Sarjapura,Bengaluru East,Bengaluru Urban,Karnataka,CBSE SARAS,https://saras.cbse.gov.in/SARAS/AffiliatedList/AfflicationDetails/830434,"Government CBSE record lists Survey No. 56/1B, Kodathi Village."
40,Thigalachowdenahalli,Sarjapura,Anekal,Bengaluru Urban,Karnataka,CBSE SARAS,https://saras.cbse.gov.in/SARAS/AffiliatedList/AfflicationDetails/830563,Government CBSE record lists Survey No. 40.
28/4,Chikkanayakanahalli,Varthur,,Bengaluru Urban,Karnataka,CBSE SARAS,https://saras.cbse.gov.in/SARAS/AffiliatedList/AfflicationDetails/831563,Government CBSE record lists Survey No. 28/4.
26/1,Hongasandra,Begur,,Bengaluru Urban,Karnataka,NIDHI+ Government of India,https://nidhi.tourism.gov.in/home/directory?categoryCode=01&pageno=134&stateCode=,"Government tourism directory lists Survey No. 26/1, Hongasandra."
11/1,Kadiganahalli,Chikkajala,,Bengaluru Urban,Karnataka,Government of India consumer affairs certificate,https://lm.doca.gov.in/pcr/Documents/certificate/36917.pdf,"Government certificate lists Sy. No. 11/1, Kadiganahalli."
52/2 & 52/3,Devarabeesanahalli,Varthur,,Bengaluru Urban,Karnataka,Government of India consumer affairs certificate,https://lm.doca.gov.in/pcr/Documents/certificate/36917.pdf,Government certificate lists Sy. Nos. 52/2 & 52/3.
10P & 12P,Ramagondahalli,Varthur,,Bengaluru Urban,Karnataka,Government of India consumer affairs certificate,https://lm.doca.gov.in/pcr/Documents/certificate/36917.pdf,Government certificate lists Survey Nos. 10P & 12P.
6/4,Ambalipura,Varthur,,Bengaluru Urban,Karnataka,Government of India consumer affairs certificate,https://lm.doca.gov.in/pcr/Documents/certificate/36917.pdf,"Government certificate lists Sy. No. 6/4, Ambalipura."
"62/6A, 62/2B",Parappana Agrahara,Begur,,Bengaluru Urban,Karnataka,Government of India consumer affairs certificate,https://lm.doca.gov.in/pcr/Documents/certificate/39588.pdf,Government certificate lists these survey numbers at Parappana Agrahara.
"42/2, 43","Basavanapura, Mylasandra",Kasaba,Ramanagara,Bengaluru Urban,Karnataka,Government of India consumer affairs certificate,https://lm.doca.gov.in/pcr/Documents/certificate/39588.pdf,Government certificate lists Survey Nos. 42/2 and 43.
